,id,sensor_id,data,time_stamp
0,1,1,18.2,2021-10-23 10:05:26.700427
1,2,1,18.2,2021-10-23 10:26:28.601499
2,3,1,18.2,2021-10-23 10:47:27.015627
3,4,1,18.2,2021-10-23 11:10:07.826942
4,5,1,18.3,2021-10-23 11:32:07.197929
5,6,1,18.3,2021-10-23 11:55:25.319152
6,7,1,18.3,2021-10-23 12:16:48.743200
7,8,1,18.4,2021-10-23 12:37:23.107564
8,9,1,18.4,2021-10-23 12:58:31.044476
9,10,1,18.5,2021-10-23 13:20:55.556262
10,11,1,18.5,2021-10-23 13:42:18.472641
11,12,1,18.6,2021-10-23 14:03:46.722234
12,13,1,18.6,2021-10-23 14:24:25.496320
13,14,1,18.7,2021-10-23 14:45:49.284101
14,15,1,18.6,2021-10-23 15:06:39.611870
15,16,1,18.7,2021-10-23 15:28:11.343683
16,17,1,18.6,2021-10-23 15:50:13.329439
17,18,1,18.6,2021-10-23 16:13:03.209438
18,19,1,18.6,2021-10-23 16:34:56.153915
19,20,1,18.6,2021-10-23 16:55:45.906517
20,21,1,18.6,2021-10-23 17:16:40.817553
21,22,1,18.6,2021-10-23 17:38:25.349153
22,23,1,18.6,2021-10-23 18:00:00.725524
23,24,1,18.6,2021-10-23 18:22:03.742091
24,25,1,18.5,2021-10-23 18:43:59.089673
25,26,1,18.5,2021-10-23 19:04:27.764585
26,27,1,18.5,2021-10-23 19:25:12.226208
27,28,1,18.5,2021-10-23 19:46:42.016965
28,29,1,18.4,2021-10-23 20:08:25.866293
29,30,1,18.4,2021-10-23 20:29:54.419611
30,31,1,18.4,2021-10-23 20:50:32.953713
31,32,1,18.3,2021-10-23 21:13:18.384128
32,33,1,18.3,2021-10-23 21:35:16.876269
33,34,1,18.3,2021-10-23 21:58:03.422353
34,35,1,18.2,2021-10-23 22:20:29.199317
35,36,1,18.2,2021-10-23 22:43:06.263496
36,37,1,18.1,2021-10-23 23:04:18.299928
37,38,1,18.1,2021-10-23 23:25:38.106557
38,39,1,18.1,2021-10-23 23:46:33.560130
39,40,1,18.0,2021-10-24 00:07:18.183527
40,41,1,18.0,2021-10-24 00:28:13.962939
41,42,1,18.0,2021-10-24 00:49:24.486852
42,43,1,17.9,2021-10-24 01:10:44.802836
43,44,1,17.9,2021-10-24 01:32:25.591440
44,45,1,17.8,2021-10-24 01:53:42.100370
45,46,1,17.8,2021-10-24 02:14:59.590305
46,47,1,17.8,2021-10-24 02:35:46.106489
47,48,1,17.7,2021-10-24 02:57:02.697825
48,49,1,17.7,2021-10-24 03:18:36.944688
49,50,1,17.7,2021-10-24 03:40:04.516381
50,51,1,17.6,2021-10-24 04:01:56.770850
51,52,1,17.5,2021-10-24 04:22:59.759183
52,53,1,17.5,2021-10-24 04:44:13.381622
53,54,1,17.5,2021-10-24 05:06:46.340157
54,55,1,17.4,2021-10-24 05:29:02.322240
55,56,1,17.3,2021-10-24 05:51:20.521837
56,57,1,17.3,2021-10-24 06:12:51.093533
57,58,1,17.3,2021-10-24 06:34:01.734930
58,59,1,17.2,2021-10-24 06:55:22.138963
59,60,1,17.2,2021-10-24 07:16:18.674779
60,61,1,17.1,2021-10-24 07:38:39.693809
61,62,1,17.1,2021-10-24 08:00:18.112517
62,63,1,17.0,2021-10-24 08:22:15.162181
63,64,1,17.0,2021-10-24 08:45:12.600572
64,65,1,16.9,2021-10-24 09:07:13.146553
65,66,1,16.9,2021-10-24 09:28:54.576703
66,67,1,16.9,2021-10-24 09:49:54.959803
67,68,1,16.8,2021-10-24 10:11:08.479099
68,69,1,16.8,2021-10-24 10:33:09.505642
69,70,1,16.8,2021-10-24 10:54:17.094213
70,71,1,16.8,2021-10-24 11:15:18.120753
71,72,1,16.9,2021-10-24 11:38:03.613446
72,73,1,16.9,2021-10-24 12:00:12.390734
73,74,1,17.0,2021-10-24 12:22:18.716225
74,75,1,17.0,2021-10-24 12:45:17.483218
75,76,1,17.1,2021-10-24 13:06:38.793445
76,77,1,17.1,2021-10-24 13:27:23.806918
77,78,1,17.2,2021-10-24 13:49:10.158580
78,79,1,17.2,2021-10-24 14:10:40.903027
79,80,1,17.2,2021-10-24 14:32:07.285640
80,81,1,17.3,2021-10-24 14:54:01.757632
81,82,1,17.2,2021-10-24 15:15:20.634941
82,83,1,17.2,2021-10-24 15:36:39.428216
83,84,1,17.2,2021-10-24 15:57:25.704422
84,85,1,17.2,2021-10-24 16:20:13.405244
85,86,1,17.3,2021-10-24 16:42:12.299342
86,87,1,17.3,2021-10-24 17:03:21.664239
87,88,1,17.2,2021-10-24 17:24:31.472742
88,89,1,17.2,2021-10-24 17:46:11.156314
89,90,1,17.2,2021-10-24 18:07:23.791299
90,91,1,17.2,2021-10-24 18:28:41.604689
91,92,1,17.2,2021-10-24 18:49:29.828424
92,93,1,17.1,2021-10-24 19:10:28.422642
93,94,1,17.1,2021-10-24 19:32:08.818909
94,95,1,17.1,2021-10-24 19:55:15.778159
95,96,1,17.1,2021-10-24 20:17:09.338112
96,97,1,17.0,2021-10-24 20:39:11.605972
97,98,1,17.0,2021-10-24 21:00:52.787409
98,99,1,17.0,2021-10-24 21:21:18.949502
99,100,1,16.9,2021-10-24 21:44:02.039954
100,101,1,16.9,2021-10-24 22:05:41.096462
101,102,1,16.9,2021-10-24 22:26:22.922657
102,103,1,16.9,2021-10-24 22:47:46.573345
103,104,1,16.8,2021-10-24 23:08:20.976844
104,105,1,16.8,2021-10-24 23:31:05.473022
105,106,1,16.7,2021-10-24 23:52:55.383137
106,107,1,16.7,2021-10-25 00:14:04.309635
107,108,1,16.7,2021-10-25 00:35:57.438221
108,109,1,16.7,2021-10-25 00:56:14.559085
109,110,1,16.7,2021-10-25 01:18:25.872181
110,111,1,16.6,2021-10-25 01:39:26.442289
111,112,1,16.6,2021-10-25 02:00:25.063095
112,113,1,16.6,2021-10-25 02:21:31.976573
113,114,1,17.0,2021-10-25 02:43:13.968860
114,115,1,17.9,2021-10-25 03:05:44.796969
115,116,1,18.2,2021-10-25 03:27:05.055832
116,117,1,18.5,2021-10-25 03:49:26.135014
117,118,1,18.8,2021-10-25 04:10:12.734703
118,119,1,18.9,2021-10-25 04:32:06.275083
119,120,1,19.0,2021-10-25 04:54:50.951492
120,121,1,19.0,2021-10-25 05:16:56.969699
121,122,1,19.2,2021-10-25 05:37:11.177280
122,123,1,19.3,2021-10-25 05:59:05.714139
123,124,1,19.4,2021-10-25 06:20:17.355516
124,125,1,19.5,2021-10-25 06:41:38.898281
125,126,1,19.6,2021-10-25 07:02:24.639126
126,127,1,19.7,2021-10-25 07:24:00.974583
127,128,1,19.7,2021-10-25 07:47:00.039161
128,129,1,19.8,2021-10-25 08:08:42.484330
129,130,1,19.9,2021-10-25 08:29:12.591407
130,131,1,19.9,2021-10-25 08:51:25.885885
131,132,1,20.0,2021-10-25 09:12:21.249643
132,133,1,20.1,2021-10-25 09:33:59.823058
133,134,1,20.1,2021-10-25 09:54:28.550829
134,135,1,20.1,2021-10-25 10:17:07.458462
135,136,1,20.1,2021-10-25 10:38:53.328524
136,137,1,20.0,2021-10-25 11:01:05.889993
137,138,1,19.9,2021-10-25 11:22:49.371203
138,139,1,19.8,2021-10-25 11:43:37.709360
139,140,1,19.8,2021-10-25 12:04:37.646327
140,141,1,19.8,2021-10-25 12:25:57.587294
141,142,1,19.8,2021-10-25 12:46:36.502370
142,143,1,19.9,2021-10-25 13:07:38.362403
143,144,1,19.8,2021-10-25 13:28:37.643657
144,145,1,19.8,2021-10-25 13:51:13.006941
145,146,1,19.8,2021-10-25 14:12:59.737830
146,147,1,19.9,2021-10-25 14:33:44.285085
147,148,1,19.8,2021-10-25 14:54:29.893666
148,149,1,19.9,2021-10-25 15:16:20.586095
149,150,1,19.8,2021-10-25 15:38:59.641852
150,151,1,19.8,2021-10-25 16:00:17.640238
151,152,1,19.8,2021-10-25 16:21:41.366060
152,153,1,19.8,2021-10-25 16:42:35.699818
153,154,1,19.8,2021-10-25 17:04:15.814095
154,155,1,19.7,2021-10-25 17:26:20.274322
155,156,1,19.7,2021-10-25 17:48:14.623387
156,157,1,19.7,2021-10-25 18:09:19.473253
157,158,1,19.6,2021-10-25 18:31:45.002603
158,159,1,19.6,2021-10-25 18:52:48.908968
159,160,1,19.5,2021-10-25 19:13:28.914070
160,161,1,19.4,2021-10-25 19:35:46.433828
161,162,1,19.3,2021-10-25 19:57:04.717440
162,163,1,19.2,2021-10-25 20:19:50.186833
163,164,1,19.1,2021-10-25 20:40:43.209596
164,165,1,18.9,2021-10-25 21:02:07.987537
165,166,1,18.9,2021-10-25 21:24:32.782353
166,167,1,18.8,2021-10-25 21:46:12.282506
167,168,1,18.7,2021-10-25 22:07:55.070138
168,169,1,18.7,2021-10-25 22:30:03.086023
169,170,1,18.6,2021-10-25 22:52:26.995593
170,171,1,18.5,2021-10-25 23:13:37.958557
171,172,1,18.4,2021-10-25 23:35:04.161113
172,173,1,18.4,2021-10-25 23:56:31.966705
173,174,1,18.3,2021-10-26 00:17:22.776718
174,175,1,18.2,2021-10-26 00:38:35.676802
175,176,1,18.2,2021-10-26 01:00:26.535903
176,177,1,18.2,2021-10-26 01:21:30.523670
177,178,1,18.1,2021-10-26 01:43:25.314108
178,179,1,18.1,2021-10-26 02:05:02.589497
179,180,1,18.1,2021-10-26 02:27:47.416253
180,181,1,18.3,2021-10-26 02:49:52.121766
181,182,1,19.0,2021-10-26 03:10:39.625394
182,183,1,19.4,2021-10-26 03:32:14.267607
183,184,1,19.5,2021-10-26 03:53:38.001438
184,185,1,19.5,2021-10-26 04:14:38.715930
185,186,1,19.6,2021-10-26 04:35:41.272891
186,187,1,19.6,2021-10-26 04:56:49.411680
187,188,1,19.7,2021-10-26 05:19:23.791955
188,189,1,19.8,2021-10-26 05:40:41.158805
189,190,1,19.9,2021-10-26 06:02:17.876041
190,191,1,20.0,2021-10-26 06:24:59.239767
191,192,1,20.0,2021-10-26 06:45:39.914488
192,193,1,20.1,2021-10-26 07:07:22.670300
193,194,1,20.1,2021-10-26 07:28:50.200247
194,195,1,20.1,2021-10-26 07:50:25.062805
195,196,1,20.1,2021-10-26 08:12:36.723621
196,197,1,20.1,2021-10-26 08:35:06.998866
197,198,1,20.3,2021-10-26 08:56:14.970428
198,199,1,20.3,2021-10-26 09:17:29.495152
199,200,1,20.3,2021-10-26 09:38:18.801501
200,201,1,20.3,2021-10-26 10:00:09.574864
201,202,1,20.2,2021-10-26 10:22:02.709838
202,203,1,20.2,2021-10-26 10:43:32.255916
203,204,1,20.2,2021-10-26 11:05:11.721966
204,205,1,20.2,2021-10-26 11:27:04.600015
205,206,1,20.2,2021-10-26 11:48:46.795229
206,207,1,20.2,2021-10-26 12:09:48.843043
207,208,1,20.2,2021-10-26 12:31:05.241384
208,209,1,20.3,2021-10-26 12:52:48.431361
209,210,1,20.3,2021-10-26 13:15:08.417466
210,211,1,20.3,2021-10-26 13:36:16.966448
211,212,1,20.2,2021-10-26 13:57:32.263445
212,213,1,20.2,2021-10-26 14:18:58.859108
213,214,1,19.5,2021-10-27 09:36:19.248931
214,215,1,19.7,2021-10-27 10:07:04.053702
215,216,1,19.7,2021-10-27 10:30:44.158034
216,217,1,19.7,2021-10-27 10:52:10.663152
217,218,1,19.7,2021-10-27 11:15:11.981301
218,219,1,19.7,2021-10-27 11:37:11.444072
219,220,1,19.7,2021-10-27 11:59:58.147265
220,221,1,19.9,2021-10-27 12:21:09.260875
221,222,1,20.0,2021-10-27 12:42:31.846154
222,223,1,20.0,2021-10-27 13:04:34.284820
223,224,1,19.9,2021-10-27 13:27:11.837122
224,225,1,19.8,2021-10-27 13:49:13.131653
225,226,1,19.8,2021-10-27 14:11:19.908168
226,227,1,20.0,2021-10-27 14:53:16.313202
227,228,1,20.1,2021-10-27 15:17:17.561267
228,229,1,20.1,2021-10-27 15:39:22.847205
229,230,1,20.1,2021-10-27 16:02:23.707175
230,231,1,20.1,2021-10-27 16:24:12.551814
231,232,1,20.1,2021-10-27 16:46:37.369676
232,233,1,20.2,2021-10-27 17:08:31.441460
233,234,1,20.2,2021-10-27 17:30:01.740813
234,235,1,20.2,2021-10-27 17:52:28.950236
235,236,1,20.2,2021-10-27 18:13:53.403049
236,237,1,20.2,2021-10-27 18:35:36.536523
237,238,1,20.1,2021-10-27 18:57:47.969358
238,239,1,20.1,2021-10-27 19:19:05.396576
239,240,1,20.0,2021-10-27 19:41:31.946509
240,241,1,19.8,2021-10-27 20:03:02.712527
241,242,1,19.7,2021-10-27 20:25:30.026305
242,243,1,19.7,2021-10-27 20:47:53.879747
243,244,1,19.6,2021-10-27 21:08:47.976834
244,245,1,19.5,2021-10-27 21:30:39.315354
245,246,1,19.4,2021-10-27 21:52:16.637591
246,247,1,19.3,2021-10-27 22:14:31.460709
247,248,1,19.2,2021-10-27 22:35:18.434283
248,249,1,19.2,2021-10-27 22:56:44.357347
249,250,1,19.1,2021-10-27 23:18:24.450291
250,251,1,19.0,2021-10-27 23:40:47.935478
251,252,1,18.9,2021-10-28 00:03:26.732451
252,253,1,18.9,2021-10-28 00:24:55.785838
253,254,1,18.8,2021-10-28 00:45:50.752759
254,255,1,18.7,2021-10-28 01:06:36.212891
255,256,1,18.7,2021-10-28 01:28:11.270063
256,257,1,18.7,2021-10-28 01:50:09.253643
257,258,1,18.6,2021-10-28 02:11:38.740073
258,259,1,18.9,2021-10-28 02:34:13.501709
259,260,1,19.2,2021-10-28 02:56:45.216827
260,261,1,19.5,2021-10-28 03:17:39.838384
261,262,1,19.7,2021-10-28 03:38:47.683364
262,263,1,19.7,2021-10-28 04:00:10.028506
263,264,1,19.7,2021-10-28 04:21:59.769110
264,265,1,19.8,2021-10-28 04:42:42.499735
265,266,1,19.9,2021-10-28 05:04:17.656093
266,267,1,19.9,2021-10-28 05:26:22.333236
267,268,1,20.0,2021-10-28 05:47:31.195043
268,269,1,20.0,2021-10-28 06:08:43.131090
269,270,1,20.1,2021-10-28 06:29:32.216041
270,271,1,20.1,2021-10-28 06:51:58.118791
271,272,1,20.1,2021-10-28 07:12:26.781381
272,273,1,20.0,2021-10-28 07:34:44.407495
273,274,1,20.1,2021-10-28 07:55:56.869258
274,275,1,20.1,2021-10-28 08:17:10.213871
275,276,1,20.2,2021-10-28 08:38:28.082483
276,277,1,20.2,2021-10-28 09:00:15.113664
277,278,1,20.2,2021-10-28 09:21:55.021575
278,279,1,20.2,2021-10-28 09:42:35.938098
279,280,1,20.1,2021-10-28 10:04:43.422630
280,281,1,20.1,2021-10-28 10:25:44.328467
281,282,1,20.1,2021-10-28 10:47:38.549082
282,283,1,20.1,2021-10-28 11:09:54.108555
283,284,1,20.2,2021-10-28 11:31:06.206177
284,285,1,20.2,2021-10-28 11:53:07.492090
285,286,1,20.2,2021-10-28 12:14:59.412338
286,287,1,20.1,2021-10-28 12:37:16.900256
287,288,1,20.0,2021-10-28 12:59:53.576239
288,289,1,19.8,2021-10-28 13:20:50.726844
289,290,1,19.8,2021-10-28 13:42:59.176992
290,291,1,19.7,2021-10-28 14:03:54.203941
291,292,1,19.7,2021-10-28 14:25:20.788924
292,293,1,19.7,2021-10-28 14:46:41.322538
293,294,1,19.6,2021-10-28 15:08:55.891236
294,295,1,19.6,2021-10-28 15:30:27.533743
295,296,1,19.5,2021-10-28 15:53:11.801834
296,297,1,19.4,2021-10-28 16:16:27.497763
297,298,1,19.4,2021-10-28 16:37:39.999474
298,299,1,19.4,2021-10-28 16:58:55.929472
299,300,1,19.3,2021-10-28 17:19:31.887554
300,301,1,19.3,2021-10-28 17:42:18.141875
301,302,1,19.3,2021-10-28 18:04:39.868197
302,303,1,19.3,2021-10-28 18:25:34.552204
303,304,1,19.4,2021-10-28 18:47:21.041791
304,305,1,19.3,2021-10-28 19:10:20.022217
305,306,1,19.4,2021-10-28 19:32:05.905687
306,307,1,19.3,2021-10-28 19:53:19.282045
307,308,1,19.3,2021-10-28 20:15:14.332527
308,309,1,19.2,2021-10-28 20:37:09.971286
309,310,1,19.2,2021-10-28 20:59:51.950396
310,311,1,19.2,2021-10-28 21:20:55.036266
311,312,1,19.1,2021-10-28 21:42:53.192018
312,313,1,19.1,2021-10-28 22:03:42.198349
313,314,1,19.0,2021-10-28 22:25:04.935088
314,315,1,19.0,2021-10-28 22:46:57.686490
315,316,1,19.0,2021-10-28 23:08:20.151475
316,317,1,18.9,2021-10-28 23:31:42.696945
317,318,1,18.9,2021-10-28 23:53:20.628445
318,319,1,18.8,2021-10-29 00:14:40.247356
319,320,1,18.8,2021-10-29 00:35:43.778508
320,321,1,18.7,2021-10-29 00:56:44.085554
321,322,1,18.7,2021-10-29 01:17:52.137397
322,323,1,18.6,2021-10-29 01:39:26.504018
323,324,1,18.6,2021-10-29 02:01:08.398188
324,325,1,18.6,2021-10-29 02:24:17.609399
325,326,1,18.8,2021-10-29 02:45:41.600009
326,327,1,19.3,2021-10-29 03:07:35.096306
327,328,1,19.4,2021-10-29 03:28:42.466258
328,329,1,19.6,2021-10-29 03:51:25.460821
329,330,1,19.7,2021-10-29 04:14:07.628996
330,331,1,19.8,2021-10-29 04:35:28.589706
331,332,1,19.8,2021-10-29 04:56:25.435563
332,333,1,19.8,2021-10-29 05:18:56.356610
333,334,1,19.9,2021-10-29 05:40:15.313087
334,335,1,20.0,2021-10-29 06:02:43.171117
335,336,1,20.0,2021-10-29 06:23:49.784816
336,337,1,20.1,2021-10-29 06:44:38.773390
337,338,1,20.1,2021-10-29 07:06:03.493863
338,339,1,20.1,2021-10-29 07:27:38.642845
339,340,1,20.1,2021-10-29 07:48:34.650028
340,341,1,20.1,2021-10-29 08:10:04.648731
341,342,1,20.2,2021-10-29 08:32:15.313429
342,343,1,20.2,2021-10-29 08:54:29.635940
343,344,1,20.2,2021-10-29 09:16:17.474138
344,345,1,20.2,2021-10-29 09:38:07.134236
345,346,1,20.1,2021-10-29 10:00:32.425469
346,347,1,20.0,2021-10-29 10:22:51.945504
347,348,1,20.0,2021-10-29 10:43:52.965989
348,349,1,19.9,2021-10-29 11:04:34.640808
349,350,1,19.9,2021-10-29 11:26:09.029173
350,351,1,19.9,2021-10-29 11:47:43.195957
351,352,1,19.9,2021-10-29 12:10:10.880569
352,353,1,19.9,2021-10-29 12:31:55.865852
353,354,1,19.8,2021-10-29 12:53:00.276486
354,355,1,19.7,2021-10-29 13:14:14.242021
355,356,1,19.6,2021-10-29 13:35:26.280082
356,357,1,19.5,2021-10-29 13:57:06.980290
357,358,1,19.5,2021-10-29 14:19:16.752248
358,359,1,19.4,2021-10-29 14:41:03.075403
359,360,1,19.3,2021-10-29 15:04:03.049501
360,361,1,19.3,2021-10-29 15:25:18.371667
361,362,1,19.2,2021-10-29 15:46:51.578256
362,363,1,19.3,2021-10-29 16:08:57.084107
363,364,1,19.2,2021-10-29 16:29:46.174930
364,365,1,19.2,2021-10-29 16:52:07.808203
365,366,1,19.2,2021-10-29 17:14:02.750223
366,367,1,19.1,2021-10-29 17:35:20.116115
367,368,1,19.1,2021-10-29 17:58:04.170743
368,369,1,19.1,2021-10-29 18:19:31.377742
369,370,1,19.2,2021-10-29 18:40:12.342209
370,371,1,19.1,2021-10-29 19:02:26.659034
371,372,1,19.1,2021-10-29 19:24:16.275344
372,373,1,19.1,2021-10-29 19:45:34.280330
373,374,1,19.1,2021-10-29 20:07:48.834452
374,375,1,19.1,2021-10-29 20:29:43.589997
375,376,1,19.0,2021-10-29 20:51:30.010222
376,377,1,19.0,2021-10-29 21:13:11.890217
377,378,1,18.9,2021-10-29 21:35:48.282431
378,379,1,18.9,2021-10-29 21:57:53.748985
379,380,1,18.9,2021-10-29 22:19:14.667479
380,381,1,18.8,2021-10-29 22:41:41.179101
381,382,1,18.8,2021-10-29 23:03:25.081782
382,383,1,18.7,2021-10-29 23:25:30.593712
383,384,1,18.7,2021-10-29 23:47:14.111087
384,385,1,18.6,2021-10-30 00:08:54.627370
385,386,1,18.6,2021-10-30 00:30:02.234798
386,387,1,18.6,2021-10-30 00:52:52.364714
387,388,1,18.6,2021-10-30 01:13:26.432250
388,389,1,18.5,2021-10-30 01:34:22.284815
389,390,1,18.5,2021-10-30 01:56:44.513128
390,391,1,18.4,2021-10-30 02:18:31.809705
391,392,1,18.4,2021-10-30 02:40:55.096146
392,393,1,18.3,2021-10-30 03:02:12.061491
393,394,1,18.3,2021-10-30 03:23:40.987192
394,395,1,18.3,2021-10-30 03:44:59.969331
395,396,1,18.3,2021-10-30 04:05:52.009679
396,397,1,18.2,2021-10-30 04:27:47.811907
397,398,1,18.2,2021-10-30 04:49:40.949043
398,399,1,18.2,2021-10-30 05:11:39.620904
399,400,1,18.1,2021-10-30 05:33:29.649916
400,401,1,18.1,2021-10-30 05:55:56.718217
401,402,1,18.1,2021-10-30 06:17:40.237958
402,403,1,18.1,2021-10-30 06:40:33.632230
403,404,1,18.0,2021-10-30 07:02:31.120177
404,405,1,18.0,2021-10-30 07:23:58.337323
405,406,1,18.0,2021-10-30 07:45:01.964108
406,407,1,18.0,2021-10-30 08:06:45.864418
407,408,1,18.0,2021-10-30 08:28:46.183083
408,409,1,17.9,2021-10-30 08:49:29.852238
409,410,1,17.9,2021-10-30 09:11:24.862906
410,411,1,17.9,2021-10-30 09:33:19.471978
411,412,1,17.9,2021-10-30 09:55:19.619489
412,413,1,17.9,2021-10-30 10:16:53.114315
413,414,1,17.8,2021-10-30 10:37:32.924818
414,415,1,17.8,2021-10-30 10:59:11.878723
415,416,1,17.8,2021-10-30 11:20:56.267536
416,417,1,17.8,2021-10-30 11:42:36.101714
417,418,1,17.8,2021-10-30 12:04:41.101981
418,419,1,17.8,2021-10-30 12:26:37.509508
419,420,1,17.7,2021-10-30 12:48:00.729088
420,421,1,17.7,2021-10-30 13:10:40.770885
421,422,1,17.7,2021-10-30 13:31:41.901194
422,423,1,17.7,2021-10-30 13:53:44.052230
423,424,1,17.7,2021-10-30 14:15:59.604899
424,425,1,17.7,2021-10-30 14:37:56.887265
425,426,1,17.7,2021-10-30 14:58:25.763541
426,427,1,17.7,2021-10-30 15:19:39.845651
427,428,1,17.7,2021-10-30 15:41:50.811087
428,429,1,17.7,2021-10-30 16:04:26.024032
429,430,1,17.7,2021-10-30 16:27:46.201242
430,431,1,17.7,2021-10-30 16:49:01.793361
431,432,1,17.6,2021-10-30 17:11:03.092588
432,433,1,17.6,2021-10-30 17:32:44.286437
433,434,1,17.6,2021-10-30 17:54:51.308415
434,435,1,17.6,2021-10-30 18:16:12.582287
435,436,1,17.6,2021-10-30 18:37:29.482765
436,437,1,17.6,2021-10-30 18:58:27.313541
437,438,1,17.6,2021-10-30 19:19:37.867151
438,439,1,17.5,2021-10-30 19:41:23.197594
439,440,1,17.5,2021-10-30 20:03:24.670615
440,441,1,17.5,2021-10-30 20:24:37.767867
441,442,1,17.5,2021-10-30 20:46:42.619632
442,443,1,17.5,2021-10-30 21:08:29.753806
443,444,1,17.4,2021-10-30 21:31:51.024294
444,445,1,17.4,2021-10-30 21:53:48.837655
445,446,1,17.4,2021-10-30 22:15:50.075808
446,447,1,17.3,2021-10-30 22:37:14.138661
447,448,1,17.3,2021-10-30 23:00:21.796819
448,449,1,17.3,2021-10-30 23:22:50.538984
449,450,1,17.3,2021-10-30 23:43:48.185864
450,451,1,17.2,2021-10-31 00:05:06.144802
451,452,1,17.2,2021-10-31 00:28:00.516846
452,453,1,17.2,2021-10-31 00:50:26.113515
453,454,1,17.2,2021-10-31 01:13:08.553913
454,455,1,17.1,2021-10-31 01:34:15.294740
455,456,1,17.1,2021-10-31 01:56:42.783441
456,457,1,17.1,2021-10-31 02:17:53.783414
457,458,1,17.1,2021-10-31 02:39:06.110334
458,459,1,16.9,2021-10-31 03:04:20.357607
459,460,1,16.9,2021-10-31 03:26:57.634271
460,461,1,16.9,2021-10-31 03:48:40.295784
461,462,1,16.9,2021-10-31 04:11:47.136347
462,463,1,16.8,2021-10-31 04:33:28.611904
463,464,1,16.8,2021-10-31 04:55:52.466812
464,465,1,16.7,2021-10-31 05:18:24.848128
465,466,1,16.7,2021-10-31 05:42:17.856454
466,467,1,16.7,2021-10-31 06:04:53.653619
467,468,1,16.7,2021-10-31 06:26:14.361252
468,469,1,16.6,2021-10-31 06:49:12.132325
469,470,1,16.6,2021-10-31 07:10:37.579769
470,471,1,16.6,2021-10-31 07:32:04.946984
471,472,1,16.6,2021-10-31 07:54:01.147683
472,473,1,16.5,2021-10-31 08:16:38.132541
473,474,1,16.5,2021-10-31 08:37:55.555583
474,475,1,16.5,2021-10-31 08:59:21.037939
475,476,1,16.5,2021-10-31 09:20:39.975046
476,477,1,16.5,2021-10-31 09:42:16.388360
477,478,1,16.4,2021-10-31 10:03:32.464559
478,479,1,16.4,2021-10-31 10:25:47.064587
479,480,1,16.4,2021-10-31 10:48:10.009695
480,481,1,16.4,2021-10-31 11:09:37.293457
481,482,1,16.4,2021-10-31 11:32:12.992162
482,483,1,16.4,2021-10-31 11:54:15.219958
483,484,1,16.3,2021-10-31 12:16:00.077529
484,485,1,16.4,2021-10-31 12:38:13.893443
485,486,1,16.4,2021-10-31 12:59:45.952014
486,487,1,16.4,2021-10-31 13:21:32.720440
487,488,1,16.3,2021-10-31 13:43:23.164322
488,489,1,16.3,2021-10-31 14:04:39.883003
489,490,1,16.3,2021-10-31 14:25:43.431063
490,491,1,16.3,2021-10-31 14:47:04.847719
491,492,1,16.3,2021-10-31 15:08:54.357870
492,493,1,16.3,2021-10-31 15:29:55.102254
493,494,1,16.3,2021-10-31 15:51:30.637121
494,495,1,16.3,2021-10-31 16:12:44.348550
495,496,1,16.3,2021-10-31 16:33:35.994017
496,497,1,16.2,2021-10-31 16:55:49.522020
497,498,1,16.2,2021-10-31 17:16:59.028256
498,499,1,16.2,2021-10-31 17:39:15.266883
499,500,1,16.2,2021-10-31 18:01:34.728291
500,501,1,16.2,2021-10-31 18:23:56.743439
501,502,1,16.2,2021-10-31 18:45:44.718328
502,503,1,16.1,2021-10-31 19:08:41.593140
503,504,1,16.1,2021-10-31 19:30:00.350555
504,505,1,16.7,2021-10-31 19:53:03.349862
505,506,1,17.2,2021-10-31 20:14:26.584480
506,507,1,18.0,2021-10-31 20:35:24.044668
507,508,1,18.2,2021-10-31 20:56:54.704580
508,509,1,18.4,2021-10-31 21:18:28.102254
509,510,1,18.6,2021-10-31 21:40:12.954179
510,511,1,18.5,2021-10-31 22:01:54.270511
511,512,1,18.5,2021-10-31 22:23:20.301078
512,513,1,18.4,2021-10-31 22:45:50.698411
513,514,1,18.3,2021-10-31 23:07:26.767586
514,515,1,18.1,2021-10-31 23:29:53.729826
515,516,1,18.0,2021-10-31 23:51:17.439020
516,517,1,18.0,2021-11-01 00:14:20.677231
517,518,1,17.8,2021-11-01 00:36:09.436638
518,519,1,17.7,2021-11-01 00:57:35.270731
519,520,1,17.6,2021-11-01 01:19:20.883261
520,521,1,17.4,2021-11-01 01:40:25.693610
521,522,1,17.3,2021-11-01 02:01:56.172345
522,523,1,17.3,2021-11-01 02:22:40.639029
523,524,1,17.6,2021-11-01 02:44:31.438499
524,525,1,18.4,2021-11-01 03:06:31.151031
525,526,1,18.6,2021-11-01 03:28:13.301926
526,527,1,18.8,2021-11-01 03:49:26.643889
527,528,1,19.0,2021-11-01 04:12:06.961320
528,529,1,19.2,2021-11-01 04:34:23.666095
529,530,1,19.2,2021-11-01 04:55:26.758775
530,531,1,19.3,2021-11-01 05:16:40.710756
531,532,1,19.4,2021-11-01 05:38:20.077690
532,533,1,19.4,2021-11-01 05:59:50.509796
533,534,1,19.6,2021-11-01 06:20:43.685509
534,535,1,19.6,2021-11-01 06:41:49.244293
535,536,1,19.6,2021-11-01 07:03:05.394742
536,537,1,19.7,2021-11-01 07:25:20.666285
537,538,1,19.7,2021-11-01 07:47:03.272213
538,539,1,19.7,2021-11-01 08:08:43.815732
539,540,1,19.8,2021-11-01 08:30:09.709331
540,541,1,19.7,2021-11-01 08:52:50.502069
541,542,1,19.8,2021-11-01 09:13:23.618119
542,543,1,19.8,2021-11-01 09:34:58.767025
543,544,1,19.8,2021-11-01 09:56:04.878708
544,545,1,19.8,2021-11-01 10:17:47.864339
545,546,1,20.0,2021-11-01 10:38:30.878093
546,547,1,20.0,2021-11-01 10:59:31.803144
547,548,1,20.0,2021-11-01 11:20:24.946438
548,549,1,20.1,2021-11-01 11:41:27.903838
549,550,1,20.2,2021-11-01 12:02:42.932700
550,551,1,20.2,2021-11-01 12:24:58.971791
551,552,1,20.3,2021-11-01 12:45:45.666391
552,553,1,20.3,2021-11-01 13:06:58.803094
553,554,1,20.2,2021-11-01 13:28:14.381360
554,555,1,20.2,2021-11-01 13:49:42.815336
555,556,1,20.3,2021-11-01 14:12:23.556975
556,557,1,20.2,2021-11-01 14:33:47.381553
557,558,1,20.2,2021-11-01 14:55:03.028422
558,559,1,20.2,2021-11-01 15:16:36.113724
559,560,1,20.2,2021-11-01 15:38:28.013608
560,561,1,20.2,2021-11-01 16:00:09.756320
561,562,1,20.2,2021-11-01 16:23:11.990728
562,563,1,20.2,2021-11-01 16:45:13.289082
563,564,1,20.1,2021-11-01 17:06:36.327505
564,565,1,20.1,2021-11-01 17:27:18.988062
565,566,1,20.1,2021-11-01 17:49:35.394444
566,567,1,20.1,2021-11-01 18:11:00.785740
567,568,1,20.1,2021-11-01 18:33:17.577453
568,569,1,20.0,2021-11-01 18:54:17.728010
569,570,1,20.0,2021-11-01 19:16:06.680805
570,571,1,19.8,2021-11-01 19:37:40.798208
571,572,1,19.8,2021-11-01 19:58:21.734435
572,573,1,19.7,2021-11-01 20:20:08.979558
573,574,1,19.6,2021-11-01 20:42:00.586620
574,575,1,19.4,2021-11-01 21:04:15.404786
575,576,1,19.3,2021-11-01 21:25:43.114800
576,577,1,19.3,2021-11-01 21:47:45.683712
577,578,1,19.1,2021-11-01 22:10:02.903089
578,579,1,19.1,2021-11-01 22:32:14.424639
579,580,1,18.9,2021-11-01 22:53:57.402057
580,581,1,18.8,2021-11-01 23:15:11.086585
581,582,1,18.7,2021-11-01 23:36:28.544209
582,583,1,18.6,2021-11-01 23:58:49.876151
583,584,1,18.6,2021-11-02 00:19:57.492098
584,585,1,18.5,2021-11-02 00:41:17.707260
585,586,1,18.3,2021-11-02 01:02:52.462296
586,587,1,18.3,2021-11-02 01:24:26.972109
587,588,1,18.3,2021-11-02 01:46:10.404609
588,589,1,18.1,2021-11-02 02:07:25.415533
589,590,1,18.1,2021-11-02 02:29:22.543054
590,591,1,18.8,2021-11-02 02:51:04.112514
591,592,1,19.1,2021-11-02 03:12:51.409395
592,593,1,19.4,2021-11-02 03:34:54.188013
593,594,1,19.4,2021-11-02 03:57:14.110485
594,595,1,19.5,2021-11-02 04:18:28.353915
595,596,1,19.6,2021-11-02 04:39:52.457528
596,597,1,19.7,2021-11-02 05:00:46.789100
597,598,1,19.7,2021-11-02 05:22:22.647929
598,599,1,19.7,2021-11-02 05:44:08.043485
599,600,1,19.8,2021-11-02 06:06:33.702437
600,601,1,19.8,2021-11-02 06:28:31.581316
601,602,1,19.8,2021-11-02 06:49:29.374360
602,603,1,19.9,2021-11-02 07:11:33.923097
603,604,1,19.9,2021-11-02 07:33:15.287662
604,605,1,20.0,2021-11-02 07:54:43.900365
605,606,1,20.0,2021-11-02 08:17:06.582194
606,607,1,20.1,2021-11-02 08:39:50.205829
607,608,1,20.2,2021-11-02 09:01:09.185129
608,609,1,20.2,2021-11-02 09:22:30.928043
609,610,1,20.2,2021-11-02 09:44:46.345728
610,611,1,20.2,2021-11-02 10:06:18.202036
611,612,1,20.2,2021-11-02 10:27:31.752499
612,613,1,20.2,2021-11-02 10:49:18.996113
613,614,1,20.2,2021-11-02 11:10:50.812742
614,615,1,20.3,2021-11-02 11:31:56.620840
615,616,1,20.3,2021-11-02 11:54:05.170422
616,617,1,20.3,2021-11-02 12:16:29.082249
617,618,1,20.3,2021-11-02 12:38:30.200439
618,619,1,20.3,2021-11-02 12:59:56.245630
619,620,1,20.3,2021-11-02 13:20:19.085514
620,621,1,20.3,2021-11-02 13:41:38.552365
621,622,1,20.2,2021-11-02 14:03:49.161988
622,623,1,20.2,2021-11-02 14:24:59.793988
623,624,1,20.2,2021-11-02 14:45:20.349867
624,625,1,20.2,2021-11-02 15:06:49.850612
625,626,1,0.0,2021-11-02 16:17:35.805076
626,627,1,20.0,2021-11-02 16:40:13.394922
627,628,1,20.1,2021-11-02 17:02:37.637068
628,629,1,20.1,2021-11-02 17:25:07.372306
629,630,1,20.1,2021-11-02 17:46:45.619300
630,631,1,20.1,2021-11-02 18:08:38.385742
631,632,1,20.1,2021-11-02 18:30:19.337995
632,633,1,19.9,2021-11-02 18:53:33.665093
633,634,1,19.9,2021-11-02 19:14:50.417099
634,635,1,19.7,2021-11-02 19:35:34.837312
635,636,1,19.6,2021-11-02 19:57:29.036818
636,637,1,19.5,2021-11-02 20:19:25.088285
637,638,1,19.3,2021-11-02 20:41:02.462905
638,639,1,19.1,2021-11-02 21:04:02.667529
639,640,1,19.0,2021-11-02 21:25:40.320272
640,641,1,19.0,2021-11-02 21:47:10.633991
641,642,1,18.8,2021-11-02 22:08:27.088156
642,643,1,18.6,2021-11-02 22:30:59.193359
643,644,1,18.5,2021-11-02 22:52:07.240155
644,645,1,18.4,2021-11-02 23:15:02.070748
645,646,1,18.3,2021-11-02 23:36:48.016228
646,647,1,18.3,2021-11-02 23:58:17.138947
647,648,1,18.2,2021-11-03 00:20:24.440307
648,649,1,18.1,2021-11-03 00:42:16.273705
649,650,1,18.0,2021-11-03 01:04:49.306524
650,651,1,18.0,2021-11-03 01:26:08.932471
651,652,1,17.9,2021-11-03 01:47:43.103658
652,653,1,17.8,2021-11-03 02:09:10.781619
653,654,1,17.7,2021-11-03 02:31:24.260148
654,655,1,17.7,2021-11-03 02:53:31.891417
655,656,1,17.6,2021-11-03 03:15:38.320449
656,657,1,18.0,2021-11-03 03:36:42.264675
657,658,1,18.2,2021-11-03 03:57:52.471393
658,659,1,18.5,2021-11-03 04:19:10.627765
659,660,1,19.0,2021-11-03 04:40:41.027401
660,661,1,19.2,2021-11-03 05:03:22.005559
661,662,1,19.3,2021-11-03 05:25:08.519882
662,663,1,19.3,2021-11-03 05:46:33.466453
663,664,1,19.5,2021-11-03 06:09:12.024616
664,665,1,19.6,2021-11-03 06:31:08.751327
665,666,1,19.7,2021-11-03 06:53:03.027755
666,667,1,19.7,2021-11-03 07:15:13.285386
667,668,1,19.8,2021-11-03 07:36:24.946975
668,669,1,19.8,2021-11-03 07:58:02.345336
669,670,1,19.8,2021-11-03 08:19:39.876534
670,671,1,19.8,2021-11-03 08:40:57.450988
671,672,1,19.9,2021-11-03 09:01:56.036116
672,673,1,20.0,2021-11-03 09:23:33.205612
673,674,1,20.0,2021-11-03 09:46:12.062722
674,675,1,20.0,2021-11-03 10:09:21.035262
675,676,1,20.1,2021-11-03 10:30:37.666178
676,677,1,20.2,2021-11-03 10:53:14.096808
677,678,1,20.2,2021-11-03 11:15:38.764548
678,679,1,20.3,2021-11-03 11:38:12.879106
679,680,1,20.4,2021-11-03 12:01:38.477387
680,681,1,20.4,2021-11-03 12:23:13.558101
681,682,1,20.4,2021-11-03 12:44:41.360377
682,683,1,20.4,2021-11-03 13:06:20.911102
683,684,1,20.4,2021-11-03 13:27:53.610087
684,685,1,20.4,2021-11-03 13:49:30.954893
685,686,1,20.4,2021-11-03 14:11:19.664829
686,687,1,20.3,2021-11-03 14:32:43.836818
687,688,1,20.3,2021-11-03 14:54:12.097425
688,689,1,20.3,2021-11-03 15:16:17.629297
689,690,1,20.2,2021-11-03 15:38:49.604322
690,691,1,20.2,2021-11-03 16:00:42.224603
691,692,1,20.1,2021-11-03 16:23:18.227409
692,693,1,20.1,2021-11-03 16:45:24.463916
693,694,1,20.1,2021-11-03 17:06:44.168467
694,695,1,20.1,2021-11-03 17:27:41.068611
695,696,1,20.2,2021-11-03 17:49:51.781874
696,697,1,20.2,2021-11-03 18:11:48.395125
697,698,1,20.2,2021-11-03 18:33:46.731289
698,699,1,20.1,2021-11-03 18:56:34.223163
699,700,1,20.0,2021-11-03 19:18:25.859507
700,701,1,19.8,2021-11-03 19:40:51.868467
701,702,1,19.6,2021-11-03 20:02:47.263741
702,703,1,19.5,2021-11-03 20:24:05.092580
703,704,1,19.4,2021-11-03 20:46:09.008225
704,705,1,19.2,2021-11-03 21:07:26.618373
705,706,1,19.1,2021-11-03 21:29:28.055788
706,707,1,19.0,2021-11-03 21:50:22.526217
707,708,1,18.8,2021-11-03 22:11:19.423912
708,709,1,18.6,2021-11-03 22:32:50.497150
709,710,1,18.5,2021-11-03 22:54:26.109794
710,711,1,18.5,2021-11-03 23:16:16.815187
711,712,1,18.3,2021-11-03 23:37:40.579791
712,713,1,18.1,2021-11-04 00:01:12.505354
713,714,1,18.1,2021-11-04 00:22:22.237884
714,715,1,18.0,2021-11-04 00:44:41.262791
715,716,1,17.9,2021-11-04 01:05:36.359947
716,717,1,17.9,2021-11-04 01:26:46.470370
717,718,1,17.9,2021-11-04 01:47:58.906131
718,719,1,17.7,2021-11-04 02:09:29.211372
719,720,1,18.1,2021-11-04 02:32:05.826744
720,721,1,18.5,2021-11-04 02:54:56.440128
721,722,1,18.8,2021-11-04 03:16:05.140521
722,723,1,19.2,2021-11-04 03:38:27.119534
723,724,1,19.3,2021-11-04 03:59:18.459926
724,725,1,19.4,2021-11-04 04:21:01.758067
725,726,1,19.4,2021-11-04 04:43:46.363216
726,727,1,19.6,2021-11-04 05:04:57.408446
727,728,1,19.7,2021-11-04 05:25:39.606423
728,729,1,19.7,2021-11-04 05:47:15.972158
729,730,1,19.8,2021-11-04 06:08:43.877123
730,731,1,19.9,2021-11-04 06:30:08.363179
731,732,1,20.0,2021-11-04 06:51:22.251210
732,733,1,20.0,2021-11-04 07:13:49.874202
733,734,1,20.1,2021-11-04 07:34:17.365768
734,735,1,20.1,2021-11-04 07:56:41.041741
735,736,1,20.2,2021-11-04 08:18:10.856918
736,737,1,20.2,2021-11-04 08:39:31.517849
737,738,1,20.3,2021-11-04 09:00:41.746458
738,739,1,20.3,2021-11-04 09:21:45.787687
739,740,1,20.3,2021-11-04 09:43:09.703802
740,741,1,20.4,2021-11-04 10:05:09.658709
741,742,1,20.3,2021-11-04 10:26:41.940096
742,743,1,20.3,2021-11-04 10:47:30.752890
743,744,1,20.4,2021-11-04 11:09:16.907690
744,745,1,20.4,2021-11-04 11:31:36.422183
745,746,1,20.4,2021-11-04 11:58:22.579000
746,747,1,20.4,2021-11-04 12:21:31.388000
747,748,1,20.4,2021-11-04 12:43:39.809000
748,749,1,20.3,2021-11-04 13:05:37.216000
749,750,1,20.3,2021-11-04 13:28:27.858000
750,751,1,20.2,2021-11-04 13:51:35.358000
751,752,1,20.2,2021-11-04 14:15:46.011000
752,753,1,20.1,2021-11-04 14:37:38.870000
753,754,1,20.0,2021-11-04 14:59:34.265000
754,755,1,20.0,2021-11-04 15:21:52.012000
755,756,1,19.9,2021-11-04 15:42:55.335000
756,757,1,19.9,2021-11-04 16:04:28.950000
757,758,1,19.9,2021-11-04 16:26:01.190000
758,759,1,19.8,2021-11-04 16:48:16.120000
759,760,1,19.9,2021-11-04 17:11:26.204000
760,761,1,19.8,2021-11-04 17:32:55.809000
761,762,1,19.8,2021-11-04 17:53:50.364000
762,763,1,19.8,2021-11-04 18:15:19.933000
763,764,1,19.7,2021-11-04 18:37:03.111000
764,765,1,19.7,2021-11-04 18:58:43.513000
765,766,1,19.7,2021-11-04 19:20:37.031000
766,767,1,19.5,2021-11-04 19:42:36.995000
767,768,1,19.3,2021-11-04 20:03:50.726000
768,769,1,19.2,2021-11-04 20:26:42.694000
769,770,1,19.1,2021-11-04 20:49:29.233000
770,771,1,19.0,2021-11-04 21:11:38.579000
771,772,1,18.8,2021-11-04 21:34:37.915000
772,773,1,18.7,2021-11-04 21:57:28.780000
773,774,1,18.6,2021-11-04 22:20:04.357000
774,775,1,18.5,2021-11-04 22:42:52.384000
775,776,1,18.4,2021-11-04 23:04:47.752000
776,777,1,18.3,2021-11-04 23:26:06.130000
777,778,1,18.3,2021-11-04 23:48:03.067000
778,779,1,18.1,2021-11-05 00:10:19.903000
779,780,1,18.0,2021-11-05 00:32:38.121000
780,781,1,18.0,2021-11-05 00:54:56.029000
781,782,1,18.0,2021-11-05 01:17:30.905000
782,783,1,17.9,2021-11-05 01:39:07.538000
783,784,1,17.8,2021-11-05 02:01:59.195000
784,785,1,17.8,2021-11-05 02:23:28.052000
785,786,1,17.7,2021-11-05 02:45:28.266000
786,787,1,17.6,2021-11-05 03:07:25.499000
787,788,1,17.6,2021-11-05 03:29:05.232000
788,789,1,17.6,2021-11-05 03:50:23.445000
789,790,1,17.5,2021-11-05 04:12:30.403000
790,791,1,17.4,2021-11-05 04:34:10.473000
791,792,1,17.4,2021-11-05 04:56:21.657000
792,793,1,17.4,2021-11-05 05:17:47.907000
793,794,1,17.3,2021-11-05 05:38:47.224000
794,795,1,17.3,2021-11-05 05:59:38.045000
795,796,1,17.2,2021-11-05 06:21:25.110000
796,797,1,17.2,2021-11-05 06:44:08.872000
797,798,1,17.5,2021-11-05 07:05:54.218000
798,799,1,17.9,2021-11-05 07:26:25.968000
799,800,1,18.2,2021-11-05 07:49:07.886000
800,801,1,18.7,2021-11-05 08:10:55.400000
801,802,1,19.1,2021-11-05 08:32:02.238000
802,803,1,19.1,2021-11-05 08:53:22.921000
803,804,1,19.2,2021-11-05 09:15:58.251000
804,805,1,19.4,2021-11-05 09:37:55.125000
805,806,1,19.5,2021-11-05 09:59:15.114000
806,807,1,19.7,2021-11-05 10:21:50.817000
807,808,1,19.8,2021-11-05 10:43:43.980000
808,809,1,19.9,2021-11-05 11:05:57.751000
809,810,1,20.0,2021-11-05 11:27:42.158000
810,811,1,20.1,2021-11-05 11:56:46.018000
811,812,1,20.2,2021-11-05 12:19:01.886000
812,813,1,20.1,2021-11-05 12:57:11.945000
813,814,1,20.0,2021-11-05 13:24:53.179000
814,815,1,19.9,2021-11-05 13:45:34.333000
815,816,1,19.9,2021-11-05 14:11:34.715000
816,817,1,19.8,2021-11-05 14:50:15.490000
817,818,1,19.7,2021-11-05 15:41:11.514000
818,819,1,19.7,2021-11-05 16:04:20.197000
819,820,1,19.6,2021-11-05 16:44:13.825000
820,821,1,19.5,2021-11-05 17:05:55.378000
821,822,1,19.5,2021-11-05 17:50:20.308000
822,823,1,19.6,2021-11-05 18:28:45.623000
823,824,1,19.6,2021-11-05 18:58:27.844000
824,825,1,19.4,2021-11-05 19:33:13.250000
825,826,1,19.2,2021-11-05 20:20:11.449000
826,827,1,19.0,2021-11-05 20:44:33.653000
827,828,1,18.9,2021-11-05 21:11:53.793000
828,829,1,18.7,2021-11-05 21:33:30.853000
829,830,1,18.5,2021-11-05 22:04:08.838000
830,831,1,18.4,2021-11-05 22:39:11.932000
831,832,1,18.2,2021-11-05 23:08:58.051000
832,833,1,18.1,2021-11-05 23:31:29.957000
833,834,1,18.0,2021-11-06 00:10:00.442000
834,835,1,17.8,2021-11-06 00:39:53.080000
835,836,1,17.7,2021-11-06 01:06:41.072000
836,837,1,17.7,2021-11-06 01:29:20.524000
837,838,1,17.5,2021-11-06 01:55:07.591000
838,839,1,17.5,2021-11-06 02:22:21.264000
839,840,1,17.3,2021-11-06 03:14:49.991000
840,841,1,17.2,2021-11-06 03:38:42.284000
841,842,1,17.1,2021-11-06 04:19:53.907000
842,843,1,17.0,2021-11-06 04:45:58.972000
843,844,1,16.9,2021-11-06 05:12:16.977000
844,845,1,16.7,2021-11-06 06:06:20.333000
845,846,1,16.7,2021-11-06 06:29:00.057000
846,847,1,16.7,2021-11-06 06:57:13.492000
847,848,1,16.6,2021-11-06 07:22:34.416000
848,849,1,16.5,2021-11-06 07:44:10.294000
849,850,1,16.5,2021-11-06 08:05:52.564000
850,851,1,16.4,2021-11-06 08:30:29.444000
851,852,1,16.4,2021-11-06 08:57:39.951000
852,853,1,16.4,2021-11-06 09:19:23.790000
853,854,1,16.3,2021-11-06 09:49:20.643000
854,855,1,16.3,2021-11-06 10:19:14.167000
855,856,1,16.2,2021-11-06 11:04:24.732000
856,857,1,16.1,2021-11-06 11:29:53.485000
857,858,1,16.1,2021-11-06 11:55:44.456000
858,859,1,16.1,2021-11-06 12:28:06.697000
859,860,1,16.0,2021-11-06 12:52:05.962000
860,861,1,16.0,2021-11-06 13:25:33.601000
861,862,1,16.0,2021-11-06 14:02:43.454000
862,863,1,16.0,2021-11-06 14:26:26.588000
863,864,1,16.0,2021-11-06 14:50:38.305000
864,865,1,16.0,2021-11-06 15:23:57.417000
865,866,1,15.9,2021-11-06 15:51:44.208000
866,867,1,15.9,2021-11-06 16:19:10.078000
867,868,1,15.9,2021-11-06 16:57:32.841000
868,869,1,15.9,2021-11-06 17:23:16.954000
869,870,1,15.8,2021-11-06 17:47:14.201000
870,871,1,15.8,2021-11-06 18:21:41.334000
871,872,1,15.8,2021-11-06 18:48:59.840000
872,873,1,15.7,2021-11-06 19:11:32.594000
873,874,1,15.7,2021-11-06 19:43:02.495000
874,875,1,15.7,2021-11-06 20:10:45.380000
875,876,1,15.6,2021-11-06 20:41:30.049000
876,877,1,15.6,2021-11-06 21:14:45.699000
877,878,1,15.6,2021-11-06 21:37:37.102000
878,879,1,15.6,2021-11-06 22:06:56.188000
879,880,1,15.5,2021-11-06 22:29:54.152000
880,881,1,15.8,2021-11-06 22:53:05.743000
881,882,1,16.8,2021-11-06 23:25:24.163000
882,883,1,17.3,2021-11-06 23:47:18.647000
883,884,1,18.0,2021-11-07 00:18:27.108000
884,885,1,18.3,2021-11-07 00:44:06.964000
885,886,1,18.3,2021-11-07 01:41:55.052000
886,887,1,18.2,2021-11-07 02:15:04.541000
887,888,1,18.0,2021-11-07 02:40:49.800000
888,889,1,17.8,2021-11-07 03:01:52.851000
889,890,1,17.6,2021-11-07 03:35:29.303000
890,891,1,17.5,2021-11-07 04:10:08.528000
891,892,1,17.3,2021-11-07 04:32:54.884000
892,893,1,17.2,2021-11-07 05:13:00.172000
893,894,1,17.0,2021-11-07 05:35:43.765000
894,895,1,16.9,2021-11-07 06:17:31.773000
895,896,1,16.8,2021-11-07 06:43:21.425000
896,897,1,16.7,2021-11-07 07:04:54.418000
897,898,1,16.7,2021-11-07 07:28:17.841000
898,899,1,16.6,2021-11-07 08:00:24.597000
899,900,1,16.5,2021-11-07 08:33:57.907000
900,901,1,16.4,2021-11-07 09:00:25.041000
901,902,1,16.4,2021-11-07 09:26:35.998000
902,903,1,16.3,2021-11-07 10:06:33.175000
903,904,1,16.2,2021-11-07 10:42:09.558000
904,905,1,16.3,2021-11-07 11:06:36.255000
905,906,1,16.3,2021-11-07 11:36:47.794000
906,907,1,16.3,2021-11-07 12:20:29.437000
907,908,1,16.3,2021-11-07 12:44:43.651000
908,909,1,16.3,2021-11-07 13:05:41.665000
909,910,1,16.3,2021-11-07 13:52:39.216000
910,911,1,16.3,2021-11-07 14:41:31.101000
911,912,1,16.3,2021-11-07 15:07:14.252000
912,913,1,16.2,2021-11-07 15:33:35.995000
913,914,1,16.2,2021-11-07 15:54:55.290000
914,915,1,16.2,2021-11-07 16:19:33.739000
915,916,1,16.2,2021-11-07 16:54:58.414000
916,917,1,16.1,2021-11-07 17:16:05.712000
917,918,1,16.1,2021-11-07 17:44:15.092000
918,919,1,16.0,2021-11-07 18:07:26.570000
919,920,1,16.0,2021-11-07 18:37:10.537000
920,921,1,16.0,2021-11-07 18:59:22.480000
921,922,1,15.9,2021-11-07 19:27:51.849000
922,923,1,15.8,2021-11-07 19:51:50.296000
923,924,1,15.9,2021-11-07 20:37:58.109000
924,925,1,16.7,2021-11-07 21:02:45.649000
925,926,1,17.1,2021-11-07 21:23:43.063000
926,927,1,17.5,2021-11-07 21:47:16.352000
927,928,1,18.3,2021-11-07 22:24:08.487000
928,929,1,18.5,2021-11-07 22:53:42.939000
929,930,1,18.3,2021-11-07 23:55:53.729000
930,931,1,18.2,2021-11-08 00:18:33.270000
931,932,1,18.0,2021-11-08 00:44:45.544000
932,933,1,17.8,2021-11-08 01:15:40.025000
933,934,1,17.7,2021-11-08 01:38:09.497000
934,935,1,17.5,2021-11-08 02:04:41.404000
935,936,1,17.5,2021-11-08 02:30:05.089000
936,937,1,18.1,2021-11-08 02:54:05.964000
937,938,1,18.7,2021-11-08 03:26:49.736000
938,939,1,19.0,2021-11-08 03:52:31.067000
939,940,1,19.1,2021-11-08 04:15:12.758000
940,941,1,19.2,2021-11-08 04:56:02.649000
941,942,1,19.3,2021-11-08 05:18:59.169000
942,943,1,19.4,2021-11-08 05:44:46.399000
943,944,1,19.6,2021-11-08 06:17:56.433000
944,945,1,19.6,2021-11-08 06:38:23.207000
945,946,1,19.7,2021-11-08 07:05:39.203000
946,947,1,19.8,2021-11-08 07:29:04.547000
947,948,1,19.9,2021-11-08 07:55:17.933000
948,949,1,19.9,2021-11-08 08:24:17.565000
949,950,1,19.8,2021-11-08 09:29:53.870000
950,951,1,19.9,2021-11-08 09:56:50.498000
951,952,1,19.9,2021-11-08 10:21:34.073000
952,953,1,20.0,2021-11-08 10:51:45.291000
953,954,1,20.0,2021-11-08 11:15:13.593000
954,955,1,20.0,2021-11-08 11:46:34.104000
955,956,1,20.1,2021-11-08 12:29:03.542000
956,957,1,20.1,2021-11-08 13:06:19.680000
957,958,1,20.0,2021-11-08 13:30:52.432000
958,959,1,19.9,2021-11-08 14:45:12.810000
959,960,1,19.9,2021-11-08 15:08:33.015000
960,961,1,19.9,2021-11-08 15:32:59.744000
961,962,1,19.8,2021-11-08 16:01:50.633000
962,963,1,19.8,2021-11-08 16:22:57.186000
963,964,1,19.8,2021-11-08 17:08:33.701000
964,965,1,19.7,2021-11-08 17:35:33.310000
965,966,1,19.7,2021-11-08 17:56:54.315000
966,967,1,19.6,2021-11-08 19:16:26.710000
967,968,1,19.4,2021-11-08 19:37:33.083000
968,969,1,19.3,2021-11-08 20:05:22.775000
969,970,1,19.2,2021-11-08 20:27:40.576000
970,971,1,19.0,2021-11-08 21:05:00.913000
971,972,1,18.9,2021-11-08 21:26:42.042000
972,973,1,18.7,2021-11-08 21:54:19.988000
973,974,1,18.4,2021-11-08 22:48:39.492000
974,975,1,18.3,2021-11-08 23:12:58.302000
975,976,1,18.1,2021-11-08 23:39:22.214000
976,977,1,18.0,2021-11-09 00:02:15.544000
977,978,1,17.9,2021-11-09 00:24:36.807000
978,979,1,17.7,2021-11-09 01:01:49.189000
979,980,1,17.6,2021-11-09 01:31:10.514000
980,981,1,17.5,2021-11-09 01:52:36.531000
981,982,1,17.5,2021-11-09 02:19:05.208000
982,983,1,18.4,2021-11-09 03:05:11.580000
983,984,1,18.7,2021-11-09 03:34:32.190000
984,985,1,18.9,2021-11-09 04:03:47.534000
985,986,1,19.1,2021-11-09 04:34:49.104000
986,987,1,19.2,2021-11-09 05:10:14.081000
987,988,1,19.3,2021-11-09 05:34:12.407000
988,989,1,19.4,2021-11-09 06:00:44.339000
989,990,1,19.5,2021-11-09 06:55:58.844000
990,991,1,19.6,2021-11-09 07:37:25.768000
991,992,1,19.6,2021-11-09 08:12:49.937000
992,993,1,19.5,2021-11-09 08:37:37.394000
993,994,1,19.5,2021-11-09 09:01:14.196000
994,995,1,19.5,2021-11-09 09:38:18.774000
995,996,1,19.5,2021-11-09 10:02:49.035000
996,997,1,19.5,2021-11-09 10:30:22.198000
997,998,1,19.6,2021-11-09 11:05:05.759000
998,999,1,19.6,2021-11-09 11:34:16.094000
999,1000,1,19.6,2021-11-09 12:05:47.364000
1000,1001,1,19.6,2021-11-09 12:42:32.595000
1001,1002,1,19.6,2021-11-09 13:06:34.112000
1002,1003,1,19.7,2021-11-09 13:30:57.932000
1003,1004,1,19.6,2021-11-09 14:02:33.329000
1004,1005,1,19.6,2021-11-09 14:32:08.897000
1005,1006,1,19.7,2021-11-09 14:58:29.491000
1006,1007,1,19.7,2021-11-09 15:27:09.250000
1007,1008,1,19.6,2021-11-09 16:00:35.117000
1008,1009,1,19.7,2021-11-09 16:21:29.411000
1009,1010,1,19.6,2021-11-09 16:48:09.610000
1010,1011,1,19.6,2021-11-09 17:24:04.889000
1011,1012,1,19.6,2021-11-09 18:04:19.410000
1012,1013,1,19.6,2021-11-09 18:28:29.447000
1013,1014,1,19.6,2021-11-09 18:53:11.856000
1014,1015,1,19.5,2021-11-09 19:23:13.018000
1015,1016,1,19.4,2021-11-09 19:45:08.358000
1016,1017,1,19.2,2021-11-09 20:26:18.421000
1017,1018,1,19.2,2021-11-09 20:48:48.402000
1018,1019,1,19.0,2021-11-09 21:10:42.200000
1019,1020,1,18.8,2021-11-09 21:38:32.115000
1020,1021,1,18.7,2021-11-09 22:03:42.709000
1021,1022,1,18.6,2021-11-09 22:26:03.190000
1022,1023,1,18.5,2021-11-09 22:56:07.075000
1023,1024,1,18.4,2021-11-09 23:21:08.601000
1024,1025,1,18.2,2021-11-09 23:52:22.068000
1025,1026,1,18.2,2021-11-10 00:15:34.335000
1026,1027,1,18.0,2021-11-10 00:45:36.541000
1027,1028,1,17.9,2021-11-10 01:12:30.255000
1028,1029,1,17.8,2021-11-10 01:46:27.289000
1029,1030,1,17.7,2021-11-10 02:07:12.260000
1030,1031,1,17.6,2021-11-10 02:33:38.447000
1031,1032,1,17.5,2021-11-10 03:01:30.304000
1032,1033,1,17.8,2021-11-10 03:32:35.444000
1033,1034,1,18.3,2021-11-10 04:03:37.274000
1034,1035,1,18.6,2021-11-10 04:32:19.284000
1035,1036,1,18.8,2021-11-10 04:56:18.175000
1036,1037,1,18.9,2021-11-10 05:24:28.542000
1037,1038,1,19.0,2021-11-10 05:48:25.460000
1038,1039,1,19.1,2021-11-10 06:20:04.475000
1039,1040,1,19.2,2021-11-10 06:41:56.612000
1040,1041,1,19.3,2021-11-10 07:14:15.119000
1041,1042,1,19.4,2021-11-10 07:40:59.857000
1042,1043,1,19.6,2021-11-10 08:31:09.149000
1043,1044,1,19.6,2021-11-10 08:53:14.353000
1044,1045,1,19.6,2021-11-10 09:17:28.813000
1045,1046,1,19.6,2021-11-10 09:43:42.049000
1046,1047,1,19.7,2021-11-10 10:07:03.835000
1047,1048,1,19.8,2021-11-10 10:32:48.086000
1048,1049,1,19.9,2021-11-10 10:57:16.770000
1049,1050,1,20.0,2021-11-10 11:20:13.264000
1050,1051,1,20.2,2021-11-10 11:44:56.180000
1051,1052,1,20.4,2021-11-10 12:33:46.961000
1052,1053,1,20.5,2021-11-10 13:21:01.067000
1053,1054,1,20.5,2021-11-10 13:45:17.929000
1054,1055,1,20.6,2021-11-10 14:06:38.688000
1055,1056,1,20.5,2021-11-10 14:30:04.621000
1056,1057,1,20.5,2021-11-10 14:54:45.283000
1057,1058,1,20.5,2021-11-10 15:20:47.547000
1058,1059,1,20.5,2021-11-10 15:44:20.938000
1059,1060,1,20.5,2021-11-10 16:11:12.117000
1060,1061,1,20.5,2021-11-10 16:34:17.724000
1061,1062,1,20.5,2021-11-10 16:58:19.549000
1062,1063,1,20.5,2021-11-10 17:38:42.922000
1063,1064,1,20.4,2021-11-10 18:02:01.007000
1064,1065,1,20.4,2021-11-10 18:30:02.806000
1065,1066,1,20.3,2021-11-10 18:54:11.745000
1066,1067,1,20.3,2021-11-10 19:17:15.689000
1067,1068,1,20.1,2021-11-10 19:55:10.517000
1068,1069,1,20.1,2021-11-10 20:19:08.110000
1069,1070,1,19.9,2021-11-10 20:46:35.394000
1070,1071,1,19.8,2021-11-10 21:11:16.804000
1071,1072,1,19.6,2021-11-10 21:52:42.136000
1072,1073,1,19.5,2021-11-10 22:14:00.399000
1073,1074,1,19.3,2021-11-10 22:47:50.747000
1074,1075,1,19.2,2021-11-10 23:10:23.455000
1075,1076,1,19.1,2021-11-10 23:33:45.276000
1076,1077,1,18.9,2021-11-11 00:04:48.249000
1077,1078,1,18.9,2021-11-11 00:30:48.134000
1078,1079,1,18.8,2021-11-11 00:58:15.662000
1079,1080,1,18.6,2021-11-11 01:23:16.268000
1080,1081,1,18.5,2021-11-11 01:55:40.081000
1081,1082,1,18.8,2021-11-11 02:39:26.999000
1082,1083,1,19.3,2021-11-11 03:09:50.864000
1083,1084,1,19.5,2021-11-11 03:37:18.397000
1084,1085,1,19.6,2021-11-11 04:00:36.229000
1085,1086,1,19.8,2021-11-11 04:33:41.588000
1086,1087,1,19.8,2021-11-11 04:56:11.148000
1087,1088,1,20.0,2021-11-11 05:54:49.419000
1088,1089,1,20.1,2021-11-11 06:35:44.328000
1089,1090,1,20.1,2021-11-11 06:57:51.089000
1090,1091,1,20.2,2021-11-11 07:26:33.459000
1091,1092,1,20.2,2021-11-11 07:50:10.688000
1092,1093,1,20.2,2021-11-11 08:12:24.447000
1093,1094,1,20.3,2021-11-11 08:47:27.106000
1094,1095,1,20.3,2021-11-11 09:17:18.489000
1095,1096,1,20.3,2021-11-11 09:39:58.942000
1096,1097,1,20.3,2021-11-11 10:08:36.782000
1097,1098,1,20.3,2021-11-11 10:50:57.776000
1098,1099,1,20.3,2021-11-11 11:14:49.191000
1099,1100,1,20.3,2021-11-11 12:10:03.892000
1100,1101,1,20.3,2021-11-11 12:37:43.367000
1101,1102,1,20.4,2021-11-11 13:01:37.052000
1102,1103,1,20.4,2021-11-11 13:45:03.757000
1103,1104,1,20.4,2021-11-11 14:11:16.941000
1104,1105,1,20.4,2021-11-11 14:34:19.030000
1105,1106,1,20.4,2021-11-11 15:20:42.998000
1106,1107,1,20.4,2021-11-11 15:45:48.033000
1107,1108,1,20.4,2021-11-11 16:15:54.554000
1108,1109,1,20.4,2021-11-11 16:41:15.809000
1109,1110,1,20.4,2021-11-11 17:04:41.682000
1110,1111,1,20.4,2021-11-11 17:37:33.764000
1111,1112,1,20.4,2021-11-11 18:55:49.192000
1112,1113,1,20.3,2021-11-11 19:25:08.376000
1113,1114,1,20.3,2021-11-11 19:48:37.663000
1114,1115,1,20.2,2021-11-11 20:11:52.848000
1115,1116,1,20.0,2021-11-11 20:33:49.054000
1116,1117,1,20.0,2021-11-11 20:55:05.519000
1117,1118,1,19.9,2021-11-11 21:19:54.614000
1118,1119,1,19.8,2021-11-11 21:43:27.837000
1119,1120,1,19.7,2021-11-11 22:10:31.288000
1120,1121,1,19.5,2021-11-11 22:33:14.629000
1121,1122,1,19.5,2021-11-11 22:56:01.516000
1122,1123,1,19.4,2021-11-11 23:23:52.860000
1123,1124,1,19.3,2021-11-11 23:49:44.215000
1124,1125,1,19.2,2021-11-12 00:14:44.346000
1125,1126,1,19.1,2021-11-12 00:39:51.596000
1126,1127,1,18.9,2021-11-12 01:36:27.830000
1127,1128,1,18.8,2021-11-12 02:08:22.888000
1128,1129,1,19.0,2021-11-12 02:42:57.878000
1129,1130,1,19.5,2021-11-12 03:06:22.011000
1130,1131,1,19.6,2021-11-12 03:28:56.989000
1131,1132,1,19.7,2021-11-12 03:55:26.090000
1132,1133,1,19.8,2021-11-12 04:18:01.274000
1133,1134,1,19.9,2021-11-12 04:46:20.299000
1134,1135,1,20.0,2021-11-12 05:10:08.409000
1135,1136,1,20.0,2021-11-12 05:36:00.067000
1136,1137,1,20.1,2021-11-12 06:15:39.732000
1137,1138,1,20.2,2021-11-12 06:42:27.913000
1138,1139,1,20.2,2021-11-12 07:16:55.007000
1139,1140,1,20.0,2021-11-12 07:39:32.481000
1140,1141,1,20.0,2021-11-12 08:23:12.659000
1141,1142,1,19.9,2021-11-12 08:53:09.538000
1142,1143,1,19.7,2021-11-12 09:18:23.019000
1143,1144,1,19.6,2021-11-12 09:47:48.570000
1144,1145,1,19.5,2021-11-12 10:22:52.757000
1145,1146,1,19.5,2021-11-12 11:15:23.560000
1146,1147,1,19.5,2021-11-12 11:40:53.720000
1147,1148,1,19.6,2021-11-12 12:03:35.582000
1148,1149,1,19.6,2021-11-12 12:28:51.797000
1149,1150,1,19.7,2021-11-12 12:53:26.855000
1150,1151,1,19.7,2021-11-12 13:22:06.328000
1151,1152,1,19.6,2021-11-12 13:52:46.017000
1152,1153,1,19.6,2021-11-12 14:17:40.286000
1153,1154,1,19.6,2021-11-12 14:43:20.791000
1154,1155,1,19.6,2021-11-12 15:14:11.857000
1155,1156,1,19.6,2021-11-12 15:38:08.026000
1156,1157,1,19.6,2021-11-12 15:59:34.971000
1157,1158,1,19.7,2021-11-12 16:25:20.368000
1158,1159,1,19.7,2021-11-12 16:50:57.811000
1159,1160,1,19.7,2021-11-12 17:13:52.368000
1160,1161,1,19.7,2021-11-12 17:37:58.165000
1161,1162,1,19.7,2021-11-12 18:03:12.460000
1162,1163,1,19.7,2021-11-12 18:26:03.986000
1163,1164,1,19.6,2021-11-12 19:05:59.927000
1164,1165,1,19.5,2021-11-12 19:29:48.548000
1165,1166,1,19.4,2021-11-12 19:56:27.952000
1166,1167,1,19.4,2021-11-12 20:19:20.606000
1167,1168,1,19.2,2021-11-12 20:48:32.546000
1168,1169,1,19.1,2021-11-12 21:17:40.938000
1169,1170,1,18.9,2021-11-12 21:47:11.026000
1170,1171,1,18.8,2021-11-12 22:19:48.362000
1171,1172,1,18.7,2021-11-12 22:44:50.155000
1172,1173,1,18.6,2021-11-12 23:11:28.782000
1173,1174,1,18.5,2021-11-12 23:39:10.680000
1174,1175,1,18.3,2021-11-13 00:01:07.397000
1175,1176,1,18.3,2021-11-13 00:25:38.626000
1176,1177,1,18.3,2021-11-13 00:48:40.526000
1177,1178,1,18.2,2021-11-13 01:13:41.118000
1178,1179,1,18.1,2021-11-13 01:40:52.758000
1179,1180,1,18.0,2021-11-13 02:06:51.217000
1180,1181,1,18.0,2021-11-13 02:29:39.215000
1181,1182,1,18.0,2021-11-13 02:53:11.693000
1182,1183,1,17.9,2021-11-13 03:16:08.298000
1183,1184,1,17.9,2021-11-13 03:39:57.316000
1184,1185,1,17.8,2021-11-13 04:06:30.047000
1185,1186,1,17.8,2021-11-13 04:29:42.162000
1186,1187,1,17.8,2021-11-13 04:52:11.954000
1187,1188,1,17.7,2021-11-13 05:16:01.207000
1188,1189,1,17.7,2021-11-13 05:41:49.856000
1189,1190,1,17.6,2021-11-13 06:09:48.619000
1190,1191,1,17.6,2021-11-13 06:36:12.676000
1191,1192,1,17.6,2021-11-13 07:03:11.046000
1192,1193,1,17.5,2021-11-13 07:33:52.398000
1193,1194,1,17.5,2021-11-13 07:56:02.541000
1194,1195,1,17.5,2021-11-13 08:20:40.918000
1195,1196,1,17.4,2021-11-13 08:44:41.813000
1196,1197,1,17.4,2021-11-13 09:10:15.307000
1197,1198,1,17.3,2021-11-13 09:33:28.612000
1198,1199,1,17.3,2021-11-13 10:02:14.900000
1199,1200,1,17.3,2021-11-13 10:31:46.964000
1200,1201,1,17.3,2021-11-13 11:07:19.716000
1201,1202,1,17.2,2021-11-13 11:37:06.298000
1202,1203,1,17.2,2021-11-13 12:01:06.292000
1203,1204,1,17.2,2021-11-13 12:28:59.880000
1204,1205,1,17.2,2021-11-13 12:53:24.149000
1205,1206,1,17.2,2021-11-13 13:17:44.840000
1206,1207,1,17.2,2021-11-13 13:41:33.409000
1207,1208,1,17.2,2021-11-13 14:05:49.350000
1208,1209,1,17.2,2021-11-13 14:29:26.019000
1209,1210,1,17.2,2021-11-13 15:08:31.117000
1210,1211,1,17.1,2021-11-13 15:31:27.201000
1211,1212,1,17.1,2021-11-13 15:54:56.617000
1212,1213,1,17.1,2021-11-13 16:24:42.568000
1213,1214,1,17.1,2021-11-13 16:57:36.550000
1214,1215,1,17.1,2021-11-13 17:21:59.589000
1215,1216,1,17.0,2021-11-13 17:45:55.751000
1216,1217,1,17.0,2021-11-13 18:09:44.641000
1217,1218,1,17.0,2021-11-13 18:36:20.650000
1218,1219,1,16.9,2021-11-13 19:04:16.805000
1219,1220,1,16.9,2021-11-13 19:29:16.766000
1220,1221,1,16.9,2021-11-13 19:51:56.919000
1221,1222,1,16.9,2021-11-13 20:17:55.907000
1222,1223,1,16.8,2021-11-13 20:48:02.568000
1223,1224,1,16.8,2021-11-13 21:22:09.318000
1224,1225,1,16.7,2021-11-13 21:56:20.060000
1225,1226,1,16.7,2021-11-13 22:21:18.827000
1226,1227,1,16.7,2021-11-13 22:48:50.810000
1227,1228,1,16.7,2021-11-13 23:12:20.614000
1228,1229,1,16.6,2021-11-13 23:35:23.001000
1229,1230,1,16.6,2021-11-13 23:58:38.202000
1230,1231,1,16.6,2021-11-14 00:22:21.704000
1231,1232,1,16.6,2021-11-14 00:44:48.128000
1232,1233,1,16.5,2021-11-14 01:07:31.287000
1233,1234,1,16.5,2021-11-14 01:33:57.564000
1234,1235,1,16.4,2021-11-14 02:02:35.431000
1235,1236,1,16.4,2021-11-14 02:25:25.049000
1236,1237,1,16.3,2021-11-14 02:50:34.498000
1237,1238,1,16.4,2021-11-14 03:15:44.523000
1238,1239,1,16.4,2021-11-14 03:39:25.567000
1239,1240,1,16.3,2021-11-14 04:17:48.861000
1240,1241,1,16.3,2021-11-14 04:39:41.810000
1241,1242,1,16.2,2021-11-14 05:02:22.896000
1242,1243,1,16.2,2021-11-14 05:33:12.613000
1243,1244,1,16.2,2021-11-14 05:55:46.416000
1244,1245,1,16.2,2021-11-14 06:18:59.297000
1245,1246,1,16.2,2021-11-14 06:42:37.015000
1246,1247,1,16.2,2021-11-14 07:19:31.639000
1247,1248,1,16.1,2021-11-14 07:42:49.233000
1248,1249,1,16.1,2021-11-14 08:05:58.324000
1249,1250,1,16.0,2021-11-14 08:32:25.931000
1250,1251,1,16.0,2021-11-14 08:57:48.886000
1251,1252,1,16.0,2021-11-14 09:22:55.634000
1252,1253,1,16.0,2021-11-14 09:44:29.667000
1253,1254,1,16.0,2021-11-14 10:09:50.030000
1254,1255,1,16.0,2021-11-14 10:34:43.004000
1255,1256,1,16.0,2021-11-14 10:57:20.244000
1256,1257,1,16.0,2021-11-14 11:27:41.933000
1257,1258,1,15.9,2021-11-14 11:50:06.693000
1258,1259,1,16.0,2021-11-14 12:13:46.158000
1259,1260,1,15.9,2021-11-14 12:44:45.679000
1260,1261,1,15.9,2021-11-14 13:07:06.002000
1261,1262,1,15.9,2021-11-14 13:52:12.642000
1262,1263,1,16.0,2021-11-14 14:16:41.335000
1263,1264,1,16.8,2021-11-14 14:40:22.311000
1264,1265,1,17.5,2021-11-14 15:14:38.561000
1265,1266,1,18.0,2021-11-14 15:47:55.144000
1266,1267,1,18.2,2021-11-14 16:17:23.062000
1267,1268,1,18.2,2021-11-14 16:44:51.414000
1268,1269,1,18.1,2021-11-14 17:12:55.628000
1269,1270,1,18.0,2021-11-14 17:37:13.117000
1270,1271,1,17.9,2021-11-14 18:00:11.258000
1271,1272,1,17.7,2021-11-14 18:36:09.420000
1272,1273,1,17.6,2021-11-14 19:03:05.930000
1273,1274,1,17.5,2021-11-14 19:27:34.493000
1274,1275,1,17.3,2021-11-14 19:50:52.442000
1275,1276,1,17.2,2021-11-14 20:17:10.863000
1276,1277,1,17.1,2021-11-14 20:40:57.928000
1277,1278,1,17.0,2021-11-14 21:04:05.768000
1278,1279,1,16.9,2021-11-14 21:40:44.332000
1279,1280,1,16.8,2021-11-14 22:04:45.942000
1280,1281,1,16.7,2021-11-14 22:29:08.573000
1281,1282,1,16.7,2021-11-14 22:52:28.247000
1282,1283,1,16.6,2021-11-14 23:15:34.024000
1283,1284,1,16.5,2021-11-14 23:45:55.612000
1284,1285,1,16.5,2021-11-15 00:11:36.713000
1285,1286,1,16.4,2021-11-15 00:34:49.019000
1286,1287,1,16.3,2021-11-15 00:59:55.699000
1287,1288,1,16.3,2021-11-15 01:26:56.365000
1288,1289,1,16.2,2021-11-15 01:55:28.468000
1289,1290,1,16.2,2021-11-15 02:18:55.028000
1290,1291,1,16.5,2021-11-15 02:49:48.461000
1291,1292,1,17.2,2021-11-15 03:15:33.570000
1292,1293,1,17.5,2021-11-15 03:44:33.317000
1293,1294,1,18.0,2021-11-15 04:09:13.501000
1294,1295,1,18.3,2021-11-15 04:39:03.058000
1295,1296,1,18.5,2021-11-15 05:11:56.237000
1296,1297,1,18.7,2021-11-15 05:33:57.796000
1297,1298,1,18.7,2021-11-15 05:58:06.221000
1298,1299,1,18.9,2021-11-15 06:25:09.377000
1299,1300,1,19.0,2021-11-15 06:53:24.859000
1300,1301,1,19.1,2021-11-15 07:23:42.470000
1301,1302,1,19.1,2021-11-15 07:54:23.638000
1302,1303,1,19.1,2021-11-15 08:24:28.740000
1303,1304,1,19.0,2021-11-15 08:49:13.224000
1304,1305,1,19.0,2021-11-15 09:20:25.565000
1305,1306,1,19.0,2021-11-15 09:46:29.748000
1306,1307,1,19.0,2021-11-15 10:13:23.075000
1307,1308,1,19.2,2021-11-15 10:38:19.024000
1308,1309,1,19.4,2021-11-15 11:01:46.455000
1309,1310,1,19.5,2021-11-15 11:23:55.221000
1310,1311,1,19.6,2021-11-15 11:48:36.330000
1311,1312,1,19.6,2021-11-15 12:11:10.407000
1312,1313,1,19.6,2021-11-15 12:33:28.739000
1313,1314,1,19.7,2021-11-15 12:56:24.569000
1314,1315,1,19.8,2021-11-15 13:21:36.977000
1315,1316,1,19.8,2021-11-15 13:45:45.998000
1316,1317,1,19.9,2021-11-15 14:16:21.890000
1317,1318,1,20.0,2021-11-15 14:45:00.822000
1318,1319,1,20.0,2021-11-15 15:17:56.279000
1319,1320,1,20.1,2021-11-15 15:39:24.879000
1320,1321,1,20.1,2021-11-15 16:02:52.083000
1321,1322,1,20.1,2021-11-15 16:25:23.334000
1322,1323,1,20.2,2021-11-15 17:01:14.374000
1323,1324,1,20.1,2021-11-15 17:25:47.901000
1324,1325,1,20.2,2021-11-15 17:53:47.423000
1325,1326,1,20.3,2021-11-15 18:18:14.428000
1326,1327,1,20.3,2021-11-15 18:46:39.982000
1327,1328,1,20.1,2021-11-15 19:13:23.286000
1328,1329,1,19.9,2021-11-15 19:41:21.545000
1329,1330,1,19.6,2021-11-15 20:11:05.564000
1330,1331,1,19.3,2021-11-15 20:41:05.134000
1331,1332,1,19.1,2021-11-15 21:07:36.186000
1332,1333,1,18.9,2021-11-15 21:32:56.139000
1333,1334,1,18.5,2021-11-15 22:24:05.678000
1334,1335,1,18.3,2021-11-15 22:52:22.110000
1335,1336,1,18.2,2021-11-15 23:23:07.432000
1336,1337,1,18.1,2021-11-15 23:45:48.894000
1337,1338,1,18.0,2021-11-16 00:13:42.322000
1338,1339,1,17.7,2021-11-16 00:50:50.845000
1339,1340,1,17.7,2021-11-16 01:13:28.222000
1340,1341,1,17.5,2021-11-16 01:40:45.635000
1341,1342,1,17.4,2021-11-16 02:08:28.165000
1342,1343,1,17.7,2021-11-16 02:42:21.096000
1343,1344,1,18.3,2021-11-16 03:05:40.320000
1344,1345,1,18.8,2021-11-16 03:34:24.182000
1345,1346,1,19.2,2021-11-16 04:01:46.178000
1346,1347,1,19.4,2021-11-16 04:24:22.194000
1347,1348,1,19.5,2021-11-16 04:46:07.965000
1348,1349,1,19.9,2021-11-16 05:07:46.185000
1349,1350,1,20.2,2021-11-16 05:39:33.160000
1350,1351,1,20.4,2021-11-16 06:06:12.167000
1351,1352,1,20.6,2021-11-16 06:34:43.274000
1352,1353,1,20.6,2021-11-16 06:58:06.677000
1353,1354,1,20.7,2021-11-16 07:26:02.594000
1354,1355,1,20.6,2021-11-16 07:49:13.386000
1355,1356,1,20.6,2021-11-16 08:23:15.917000
1356,1357,1,20.5,2021-11-16 08:46:39.357000
1357,1358,1,20.4,2021-11-16 09:07:58.229000
1358,1359,1,20.4,2021-11-16 09:31:21.672000
1359,1360,1,20.4,2021-11-16 09:58:42.634000
1360,1361,1,20.4,2021-11-16 10:22:49.138000
1361,1362,1,20.3,2021-11-16 10:50:47.954000
1362,1363,1,20.3,2021-11-16 11:15:22.448000
1363,1364,1,20.2,2021-11-16 11:42:05.753000
1364,1365,1,20.2,2021-11-16 12:16:09.247000
1365,1366,1,20.1,2021-11-16 12:42:12.281000
1366,1367,1,20.1,2021-11-16 13:05:35.821000
1367,1368,1,20.1,2021-11-16 13:30:12.464000
1368,1369,1,20.1,2021-11-16 14:06:11.681000
1369,1370,1,20.1,2021-11-16 14:49:49.972000
1370,1371,1,20.1,2021-11-16 15:16:49.137000
1371,1372,1,20.2,2021-11-16 15:51:19.815000
1372,1373,1,20.2,2021-11-16 16:20:50.826000
1373,1374,1,20.2,2021-11-16 16:42:35.474000
1374,1375,1,20.2,2021-11-16 17:18:03.872000
1375,1376,1,20.3,2021-11-16 17:40:37.499000
1376,1377,1,20.4,2021-11-16 18:19:33.325000
1377,1378,1,20.4,2021-11-16 18:53:38.022000
1378,1379,1,20.3,2021-11-16 19:18:52.409000
1379,1380,1,20.1,2021-11-16 19:45:42.686000
1380,1381,1,19.8,2021-11-16 20:12:38.974000
1381,1382,1,19.5,2021-11-16 20:36:08.697000
1382,1383,1,19.3,2021-11-16 21:03:04.305000
1383,1384,1,19.2,2021-11-16 21:25:59.302000
1384,1385,1,19.0,2021-11-16 21:56:04.665000
1385,1386,1,18.9,2021-11-16 22:20:06.362000
1386,1387,1,18.8,2021-11-16 22:44:40.488000
1387,1388,1,18.5,2021-11-16 23:11:46.596000
1388,1389,1,18.3,2021-11-16 23:36:12.278000
1389,1390,1,18.2,2021-11-16 23:59:59.326000
1390,1391,1,18.1,2021-11-17 00:22:15.020000
1391,1392,1,18.0,2021-11-17 00:54:38.930000
1392,1393,1,17.9,2021-11-17 01:21:46.229000
1393,1394,1,17.8,2021-11-17 01:48:17.626000
1394,1395,1,17.7,2021-11-17 02:16:46.846000
1395,1396,1,17.6,2021-11-17 02:48:35.008000
1396,1397,1,17.5,2021-11-17 03:11:21.690000
1397,1398,1,17.5,2021-11-17 03:43:28.384000
1398,1399,1,18.2,2021-11-17 04:07:32.152000
1399,1400,1,18.4,2021-11-17 04:43:18.267000
1400,1401,1,19.1,2021-11-17 05:05:33.071000
1401,1402,1,19.5,2021-11-17 05:31:04.286000
1402,1403,1,19.7,2021-11-17 05:54:27.036000
1403,1404,1,19.9,2021-11-17 06:18:29.852000
1404,1405,1,20.2,2021-11-17 06:44:49.241000
1405,1406,1,20.3,2021-11-17 07:11:42.705000
1406,1407,1,20.5,2021-11-17 07:41:32.168000
1407,1408,1,20.6,2021-11-17 08:17:34.919000
1408,1409,1,20.7,2021-11-17 08:51:30.715000
1409,1410,1,20.8,2021-11-17 09:23:25.267000
1410,1411,1,20.8,2021-11-17 09:53:45.197000
1411,1412,1,20.8,2021-11-17 10:23:01.033000
1412,1413,1,20.8,2021-11-17 10:48:38.431000
1413,1414,1,20.8,2021-11-17 11:16:56.698000
1414,1415,1,20.8,2021-11-17 11:38:23.942000
1415,1416,1,20.7,2021-11-17 12:04:16.619000
1416,1417,1,20.7,2021-11-17 12:28:07.326000
1417,1418,1,20.8,2021-11-17 12:54:30.092000
1418,1419,1,20.8,2021-11-17 13:17:44.830000
1419,1420,1,20.9,2021-11-17 13:41:29.685000
1420,1421,1,21.0,2021-11-17 14:04:23.996000
1421,1422,1,21.0,2021-11-17 14:27:15.269000
1422,1423,1,21.0,2021-11-17 14:54:55.408000
1423,1424,1,21.0,2021-11-17 15:30:16.244000
1424,1425,1,21.0,2021-11-17 15:54:41.818000
1425,1426,1,21.1,2021-11-17 16:19:44.647000
1426,1427,1,21.1,2021-11-17 16:42:46.790000
1427,1428,1,21.2,2021-11-17 17:09:14.970000
1428,1429,1,21.2,2021-11-17 17:31:58.447000
1429,1430,1,21.3,2021-11-17 17:55:27.656000
1430,1431,1,21.3,2021-11-17 18:27:35.373000
1431,1432,1,21.3,2021-11-17 18:50:11.460000
1432,1433,1,21.1,2021-11-17 19:19:04.533000
1433,1434,1,20.8,2021-11-17 19:47:22.659000
1434,1435,1,20.6,2021-11-17 20:17:04.618000
1435,1436,1,20.2,2021-11-17 20:52:58.427000
1436,1437,1,20.2,2021-11-17 21:14:25.324000
1437,1438,1,19.9,2021-11-17 21:36:53.184000
1438,1439,1,19.8,2021-11-17 22:00:20.567000
1439,1440,1,19.6,2021-11-17 22:34:47.433000
1440,1441,1,19.3,2021-11-17 23:02:55.874000
1441,1442,1,19.2,2021-11-17 23:26:24.194000
1442,1443,1,19.2,2021-11-17 23:50:31.584000
1443,1444,1,19.0,2021-11-18 00:14:01.012000
1444,1445,1,19.0,2021-11-18 00:48:46.109000
1445,1446,1,18.7,2021-11-18 01:11:22.960000
1446,1447,1,18.6,2021-11-18 01:39:50.520000
1447,1448,1,18.4,2021-11-18 02:18:04.203000
1448,1449,1,19.0,2021-11-18 02:53:50.673000
1449,1450,1,19.5,2021-11-18 03:25:46.174000
1450,1451,1,19.7,2021-11-18 03:48:30.271000
1451,1452,1,20.1,2021-11-18 04:15:03.276000
1452,1453,1,20.4,2021-11-18 04:43:15.709000
1453,1454,1,20.8,2021-11-18 05:10:45.357000
1454,1455,1,21.0,2021-11-18 05:42:01.325000
1455,1456,1,21.2,2021-11-18 06:12:05.944000
1456,1457,1,21.3,2021-11-18 06:42:09.076000
1457,1458,1,21.3,2021-11-18 07:04:44.492000
1458,1459,1,21.3,2021-11-18 07:27:29.564000
1459,1460,1,21.2,2021-11-18 07:54:28.191000
1460,1461,1,21.4,2021-11-18 08:23:34.802000
1461,1462,1,21.4,2021-11-18 08:53:57.591000
1462,1463,1,21.4,2021-11-18 09:15:01.183000
1463,1464,1,21.4,2021-11-18 09:39:06.106000
1464,1465,1,21.4,2021-11-18 10:04:47.947000
1465,1466,1,21.4,2021-11-18 10:27:34.281000
1466,1467,1,21.5,2021-11-18 10:50:16.203000
1467,1468,1,21.5,2021-11-18 11:24:25.308000
1468,1469,1,21.5,2021-11-18 11:47:22.714000
1469,1470,1,21.5,2021-11-18 12:10:42.706000
1470,1471,1,21.4,2021-11-18 12:33:21.734000
1471,1472,1,21.4,2021-11-18 12:57:49.218000
1472,1473,1,21.3,2021-11-18 13:29:02.190000
1473,1474,1,21.3,2021-11-18 13:59:07.872000
1474,1475,1,21.2,2021-11-18 14:22:00.022000
1475,1476,1,21.2,2021-11-18 14:48:26.574000
1476,1477,1,21.1,2021-11-18 15:11:08.131000
1477,1478,1,21.1,2021-11-18 15:40:24.422000
1478,1479,1,21.0,2021-11-18 16:06:07.915000
1479,1480,1,20.9,2021-11-18 16:35:27.603000
1480,1481,1,20.9,2021-11-18 17:04:10.576000
1481,1482,1,20.9,2021-11-18 17:33:16.849000
1482,1483,1,20.8,2021-11-18 18:12:11.998000
1483,1484,1,20.9,2021-11-18 18:36:11.401000
1484,1485,1,20.7,2021-11-18 19:03:53.339000
1485,1486,1,20.6,2021-11-18 19:29:26.120000
1486,1487,1,20.5,2021-11-18 19:54:53.194000
1487,1488,1,20.3,2021-11-18 20:27:20.696000
1488,1489,1,20.1,2021-11-18 20:54:28.642000
1489,1490,1,20.0,2021-11-18 21:22:07.945000
1490,1491,1,19.9,2021-11-18 21:46:56.106000
1491,1492,1,19.8,2021-11-18 22:16:36.765000
1492,1493,1,19.6,2021-11-18 22:48:08.665000
1493,1494,1,19.5,2021-11-18 23:14:51.827000
1494,1495,1,19.4,2021-11-18 23:37:38.693000
1495,1496,1,19.3,2021-11-19 00:00:18.485000
1496,1497,1,19.2,2021-11-19 00:34:40.357000
1497,1498,1,19.1,2021-11-19 00:57:18.670000
1498,1499,1,19.0,2021-11-19 01:27:36.683000
1499,1500,1,18.9,2021-11-19 01:54:18.935000
1500,1501,1,18.9,2021-11-19 02:20:47.871000
1501,1502,1,19.2,2021-11-19 02:49:09.697000
1502,1503,1,19.7,2021-11-19 03:14:47.365000
1503,1504,1,20.0,2021-11-19 03:43:33.977000
1504,1505,1,20.3,2021-11-19 04:05:29.074000
1505,1506,1,20.5,2021-11-19 04:31:17.756000
1506,1507,1,20.6,2021-11-19 04:54:00.742000
1507,1508,1,20.7,2021-11-19 05:20:38.217000
1508,1509,1,20.7,2021-11-19 05:44:39.148000
1509,1510,1,20.8,2021-11-19 06:12:11.705000
1510,1511,1,20.9,2021-11-19 06:36:00.902000
1511,1512,1,21.0,2021-11-19 07:04:42.452000
1512,1513,1,21.0,2021-11-19 07:27:24.802000
1513,1514,1,21.1,2021-11-19 07:54:26.207000
1514,1515,1,21.2,2021-11-19 08:24:56.783000
1515,1516,1,21.1,2021-11-19 08:49:28.418000
1516,1517,1,21.1,2021-11-19 09:11:45.634000
1517,1518,1,21.0,2021-11-19 09:40:53.312000
1518,1519,1,21.0,2021-11-19 10:03:25.727000
1519,1520,1,21.0,2021-11-19 10:26:14.703000
1520,1521,1,20.9,2021-11-19 11:00:57.746000
1521,1522,1,20.8,2021-11-19 11:30:14.141000
1522,1523,1,20.6,2021-11-19 12:03:25.520000
1523,1524,1,20.6,2021-11-19 12:28:44.887000
1524,1525,1,20.5,2021-11-19 13:02:55.188000
1525,1526,1,20.6,2021-11-19 13:25:15.714000
1526,1527,1,20.4,2021-11-19 13:54:48.723000
1527,1528,1,20.4,2021-11-19 14:17:44.770000
1528,1529,1,20.4,2021-11-19 14:49:27.058000
1529,1530,1,20.3,2021-11-19 15:13:10.241000
1530,1531,1,20.3,2021-11-19 15:37:59.536000
1531,1532,1,20.3,2021-11-19 16:00:34.786000
1532,1533,1,20.3,2021-11-19 16:26:04.353000
1533,1534,1,20.3,2021-11-19 16:54:45.432000
1534,1535,1,20.4,2021-11-19 17:23:52.194000
1535,1536,1,20.4,2021-11-19 17:46:10.433000
1536,1537,1,20.4,2021-11-19 18:09:11.879000
1537,1538,1,20.4,2021-11-19 18:37:01.546000
1538,1539,1,20.4,2021-11-19 19:04:58.968000
1539,1540,1,20.3,2021-11-19 19:35:09.361000
1540,1541,1,20.2,2021-11-19 20:01:53.613000
1541,1542,1,20.0,2021-11-19 20:41:28.068000
1542,1543,1,19.9,2021-11-19 21:08:46.169000
1543,1544,1,19.8,2021-11-19 21:41:52.316000
1544,1545,1,19.7,2021-11-19 22:06:06.108000
1545,1546,1,19.6,2021-11-19 22:32:47.366000
1546,1547,1,19.5,2021-11-19 22:57:58.141000
1547,1548,1,19.4,2021-11-19 23:26:30.314000
1548,1549,1,19.3,2021-11-20 00:08:05.148000
1549,1550,1,19.2,2021-11-20 00:36:10.332000
1550,1551,1,19.1,2021-11-20 00:59:20.774000
1551,1552,1,19.1,2021-11-20 01:21:48.806000
1552,1553,1,19.0,2021-11-20 01:46:22.619000
1553,1554,1,19.0,2021-11-20 02:11:47.158000
1554,1555,1,18.9,2021-11-20 02:38:35.374000
1555,1556,1,18.8,2021-11-20 03:06:44.480000
1556,1557,1,18.8,2021-11-20 03:29:44.944000
1557,1558,1,18.7,2021-11-20 03:52:34.989000
1558,1559,1,18.6,2021-11-20 04:23:46.632000
1559,1560,1,18.6,2021-11-20 04:47:31.536000
1560,1561,1,18.6,2021-11-20 05:18:49.389000
1561,1562,1,18.5,2021-11-20 05:44:43.917000
1562,1563,1,18.4,2021-11-20 06:11:59.895000
1563,1564,1,18.4,2021-11-20 06:35:28.695000
1564,1565,1,18.3,2021-11-20 07:06:42.384000
1565,1566,1,18.3,2021-11-20 07:27:53.798000
1566,1567,1,18.2,2021-11-20 07:52:11.136000
1567,1568,1,18.2,2021-11-20 08:15:25.157000
1568,1569,1,18.2,2021-11-20 08:38:10.349000
1569,1570,1,18.1,2021-11-20 09:03:23.706000
1570,1571,1,18.1,2021-11-20 09:30:28.334000
1571,1572,1,18.0,2021-11-20 10:05:40.411000
1572,1573,1,18.0,2021-11-20 10:28:44.620000
1573,1574,1,17.9,2021-11-20 10:55:17.843000
1574,1575,1,17.9,2021-11-20 11:37:05.229000
1575,1576,1,17.8,2021-11-20 12:07:40.794000
1576,1577,1,17.8,2021-11-20 12:31:08.854000
1577,1578,1,17.8,2021-11-20 13:01:20.326000
1578,1579,1,17.7,2021-11-20 13:24:47.468000
1579,1580,1,17.7,2021-11-20 13:49:42.470000
1580,1581,1,17.7,2021-11-20 14:40:41.178000
1581,1582,1,17.6,2021-11-20 15:12:38.054000
1582,1583,1,17.6,2021-11-20 15:39:48.326000
1583,1584,1,17.5,2021-11-20 16:08:34.402000
1584,1585,1,17.5,2021-11-20 16:34:31.394000
1585,1586,1,17.5,2021-11-20 17:03:45.466000
1586,1587,1,17.4,2021-11-20 17:31:10.088000
1587,1588,1,17.4,2021-11-20 17:56:54.302000
1588,1589,1,17.3,2021-11-20 18:28:29.637000
1589,1590,1,17.3,2021-11-20 18:52:20.901000
1590,1591,1,17.3,2021-11-20 19:15:48.926000
1591,1592,1,17.2,2021-11-20 19:38:46.087000
1592,1593,1,17.2,2021-11-20 20:09:24.002000
1593,1594,1,17.1,2021-11-20 20:47:51.542000
1594,1595,1,17.1,2021-11-20 21:12:13.014000
1595,1596,1,17.0,2021-11-20 21:38:16.736000
1596,1597,1,17.0,2021-11-20 22:02:06.498000
1597,1598,1,16.9,2021-11-20 22:37:50.144000
1598,1599,1,16.9,2021-11-20 23:02:09.302000
1599,1600,1,16.9,2021-11-20 23:25:08.429000
1600,1601,1,16.9,2021-11-20 23:47:15.479000
1601,1602,1,16.8,2021-11-21 00:09:18.078000
1602,1603,1,16.8,2021-11-21 00:37:02.999000
1603,1604,1,16.7,2021-11-21 01:01:16.892000
1604,1605,1,16.7,2021-11-21 01:35:40.947000
1605,1606,1,16.6,2021-11-21 02:30:24.878000
1606,1607,1,16.5,2021-11-21 02:53:11.816000
1607,1608,1,16.5,2021-11-21 03:18:21.463000
1608,1609,1,16.5,2021-11-21 03:41:27.080000
1609,1610,1,16.4,2021-11-21 04:07:02.317000
1610,1611,1,16.4,2021-11-21 04:31:58.920000
1611,1612,1,16.3,2021-11-21 04:59:15.041000
1612,1613,1,16.3,2021-11-21 05:24:26.968000
1613,1614,1,16.3,2021-11-21 05:50:03.725000
1614,1615,1,16.2,2021-11-21 06:14:25.883000
1615,1616,1,16.2,2021-11-21 06:37:24.678000
1616,1617,1,16.1,2021-11-21 07:00:49.192000
1617,1618,1,16.1,2021-11-21 07:24:00.609000
1618,1619,1,16.1,2021-11-21 07:48:16.133000
1619,1620,1,16.1,2021-11-21 08:13:52.739000
1620,1621,1,16.0,2021-11-21 08:38:10.044000
1621,1622,1,16.0,2021-11-21 09:00:46.038000
1622,1623,1,16.0,2021-11-21 09:24:23.898000
1623,1624,1,15.9,2021-11-21 09:54:42.930000
1624,1625,1,15.9,2021-11-21 10:23:42.665000
1625,1626,1,16.0,2021-11-21 10:50:16.104000
1626,1627,1,17.0,2021-11-21 11:13:13.561000
1627,1628,1,17.9,2021-11-21 11:35:27.441000
1628,1629,1,18.4,2021-11-21 12:07:12.200000
1629,1630,1,18.4,2021-11-21 12:29:41.680000
1630,1631,1,18.4,2021-11-21 12:51:20.484000
1631,1632,1,18.4,2021-11-21 13:13:47.573000
1632,1633,1,18.3,2021-11-21 13:46:01.899000
1633,1634,1,18.1,2021-11-21 14:09:03.997000
1634,1635,1,17.9,2021-11-21 14:35:46.243000
1635,1636,1,17.8,2021-11-21 15:01:51.352000
1636,1637,1,17.5,2021-11-21 15:55:34.643000
1637,1638,1,17.4,2021-11-21 16:25:11.278000
1638,1639,1,17.3,2021-11-21 16:51:25.644000
1639,1640,1,17.1,2021-11-21 17:25:17.688000
1640,1641,1,16.9,2021-11-21 18:02:58.113000
1641,1642,1,16.8,2021-11-21 18:36:47.964000
1642,1643,1,16.7,2021-11-21 19:08:26.261000
1643,1644,1,16.6,2021-11-21 19:33:11.505000
1644,1645,1,16.5,2021-11-21 20:07:04.448000
1645,1646,1,16.4,2021-11-21 20:41:12.163000
1646,1647,1,16.3,2021-11-21 21:09:52.812000
1647,1648,1,16.2,2021-11-21 21:32:36.819000
1648,1649,1,16.2,2021-11-21 21:55:22.488000
1649,1650,1,16.1,2021-11-21 22:41:55.633000
1650,1651,1,16.1,2021-11-21 23:07:11.064000
1651,1652,1,17.0,2021-11-21 23:31:42.856000
1652,1653,1,17.5,2021-11-21 23:56:49.851000
1653,1654,1,17.9,2021-11-22 00:18:30.928000
1654,1655,1,18.4,2021-11-22 00:43:55.619000
1655,1656,1,18.4,2021-11-22 01:05:15.653000
1656,1657,1,18.2,2021-11-22 01:39:27.773000
1657,1658,1,18.0,2021-11-22 02:01:10.440000
1658,1659,1,18.0,2021-11-22 02:27:29.386000
1659,1660,1,18.4,2021-11-22 03:02:10.283000
1660,1661,1,18.9,2021-11-22 03:27:33.664000
1661,1662,1,19.2,2021-11-22 03:55:51.879000
1662,1663,1,19.6,2021-11-22 04:21:53.049000
1663,1664,1,19.8,2021-11-22 04:46:58.304000
1664,1665,1,20.1,2021-11-22 05:11:44.942000
1665,1666,1,20.3,2021-11-22 05:35:45.105000
1666,1667,1,20.5,2021-11-22 05:58:54.769000
1667,1668,1,20.6,2021-11-22 06:24:36.628000
1668,1669,1,20.6,2021-11-22 06:48:54.943000
1669,1670,1,20.7,2021-11-22 07:13:58.085000
1670,1671,1,20.8,2021-11-22 07:40:05.447000
1671,1672,1,20.8,2021-11-22 08:05:24.919000
1672,1673,1,20.7,2021-11-22 08:29:25.471000
1673,1674,1,20.7,2021-11-22 08:52:40.243000
1674,1675,1,20.6,2021-11-22 09:22:12.470000
1675,1676,1,20.6,2021-11-22 09:45:11.176000
