id,sensor_id,data,time_stamp
3348,'5',18.3,'2021-10-23T10:08:52.2232+02'
3349,'5',18.5,'2021-10-23T10:29:27.475794+02'
3350,'5',18.7,'2021-10-23T10:50:36.287313+02'
3351,'5',19.0,'2021-10-23T11:11:56.645873+02'
3352,'5',19.1,'2021-10-23T11:33:16.55866+02'
3353,'5',19.4,'2021-10-23T11:55:32.671179+02'
3354,'5',19.5,'2021-10-23T12:16:57.956865+02'
3355,'5',19.6,'2021-10-23T12:37:32.120523+02'
3356,'5',19.8,'2021-10-23T12:58:38.714965+02'
3357,'5',19.9,'2021-10-23T13:21:04.717378+02'
3358,'5',20.0,'2021-10-23T13:43:16.512542+02'
3359,'5',20.1,'2021-10-23T14:04:38.269066+02'
3360,'5',20.0,'2021-10-23T14:25:44.288096+02'
3361,'5',20.0,'2021-10-23T14:46:13.482235+02'
3362,'5',20.0,'2021-10-23T15:07:52.294424+02'
3363,'5',19.9,'2021-10-23T15:29:53.915116+02'
3364,'5',19.8,'2021-10-23T15:51:51.035036+02'
3365,'5',19.7,'2021-10-23T16:13:10.528598+02'
3366,'5',19.7,'2021-10-23T16:35:05.339019+02'
3367,'5',19.7,'2021-10-23T16:56:34.146201+02'
3368,'5',19.6,'2021-10-23T17:17:45.605311+02'
3369,'5',19.6,'2021-10-23T17:40:00.071943+02'
3370,'5',19.6,'2021-10-23T18:01:48.475022+02'
3371,'5',19.5,'2021-10-23T18:23:56.440882+02'
3372,'5',19.4,'2021-10-23T18:45:24.730719+02'
3373,'5',19.3,'2021-10-23T19:06:37.69407+02'
3374,'5',19.3,'2021-10-23T19:27:23.539582+02'
3375,'5',19.3,'2021-10-23T19:48:42.821504+02'
3376,'5',19.2,'2021-10-23T20:09:33.036235+02'
3377,'5',19.1,'2021-10-23T20:31:20.528507+02'
3378,'5',19.0,'2021-10-23T20:52:26.945012+02'
3379,'5',18.9,'2021-10-23T21:14:16.623778+02'
3380,'5',18.9,'2021-10-23T21:36:57.762182+02'
3381,'5',18.8,'2021-10-23T21:58:10.972447+02'
3382,'5',18.7,'2021-10-23T22:20:36.685712+02'
3383,'5',18.7,'2021-10-23T22:43:14.933218+02'
3384,'5',18.6,'2021-10-23T23:04:25.871193+02'
3385,'5',18.4,'2021-10-23T23:25:46.817394+02'
3386,'5',18.4,'2021-10-23T23:46:41.240033+02'
3387,'5',18.3,'2021-10-24T00:07:25.699596+02'
3388,'5',18.2,'2021-10-24T00:28:22.462677+02'
3389,'5',18.2,'2021-10-24T00:49:31.876525+02'
3390,'5',18.1,'2021-10-24T01:10:52.662873+02'
3391,'5',18.0,'2021-10-24T01:32:33.314123+02'
3392,'5',17.9,'2021-10-24T01:53:49.500496+02'
3393,'5',17.9,'2021-10-24T02:15:08.900642+02'
3394,'5',17.8,'2021-10-24T02:36:41.836593+02'
3395,'5',17.7,'2021-10-24T02:58:46.659637+02'
3396,'5',17.7,'2021-10-24T03:19:42.276578+02'
3397,'5',17.5,'2021-10-24T03:41:54.773275+02'
3398,'5',17.5,'2021-10-24T04:04:07.121664+02'
3399,'5',17.4,'2021-10-24T04:25:39.40902+02'
3400,'5',17.3,'2021-10-24T04:46:47.910537+02'
3401,'5',17.3,'2021-10-24T05:08:06.248069+02'
3402,'5',17.2,'2021-10-24T05:31:04.228484+02'
3403,'5',17.1,'2021-10-24T05:52:16.414636+02'
3404,'5',17.0,'2021-10-24T06:14:12.033022+02'
3405,'5',16.9,'2021-10-24T06:35:47.972104+02'
3406,'5',16.8,'2021-10-24T06:57:11.62168+02'
3407,'5',16.8,'2021-10-24T07:18:30.963123+02'
3408,'5',16.7,'2021-10-24T07:39:11.813353+02'
3409,'5',16.6,'2021-10-24T08:00:25.682902+02'
3410,'5',16.5,'2021-10-24T08:22:24.161907+02'
3411,'5',16.5,'2021-10-24T08:45:21.281727+02'
3412,'5',16.4,'2021-10-24T09:07:22.196114+02'
3413,'5',16.4,'2021-10-24T09:29:03.405444+02'
3414,'5',16.5,'2021-10-24T09:51:13.230694+02'
3415,'5',16.7,'2021-10-24T10:12:45.591606+02'
3416,'5',16.8,'2021-10-24T10:34:39.853572+02'
3417,'5',17.2,'2021-10-24T10:55:32.406426+02'
3418,'5',17.3,'2021-10-24T11:17:10.237471+02'
3419,'5',17.4,'2021-10-24T11:39:37.564311+02'
3420,'5',17.6,'2021-10-24T12:02:48.533177+02'
3421,'5',17.9,'2021-10-24T12:24:25.060262+02'
3422,'5',18.0,'2021-10-24T12:47:20.174229+02'
3423,'5',18.1,'2021-10-24T13:09:10.940457+02'
3424,'5',18.2,'2021-10-24T13:30:38.504362+02'
3425,'5',18.3,'2021-10-24T13:51:30.641375+02'
3426,'5',18.3,'2021-10-24T14:13:05.964553+02'
3427,'5',18.3,'2021-10-24T14:34:56.703555+02'
3428,'5',18.3,'2021-10-24T14:55:55.412657+02'
3429,'5',18.3,'2021-10-24T15:17:27.201685+02'
3430,'5',18.3,'2021-10-24T15:38:45.485801+02'
3431,'5',18.2,'2021-10-24T15:59:57.132233+02'
3432,'5',18.1,'2021-10-24T16:21:49.860356+02'
3433,'5',18.1,'2021-10-24T16:43:50.418912+02'
3434,'5',18.0,'2021-10-24T17:05:30.895886+02'
3435,'5',18.0,'2021-10-24T17:26:31.852821+02'
3436,'5',17.9,'2021-10-24T17:48:19.618491+02'
3437,'5',17.9,'2021-10-24T18:11:02.458626+02'
3438,'5',17.9,'2021-10-24T18:33:02.817178+02'
3439,'5',17.8,'2021-10-24T18:56:00.378466+02'
3440,'5',17.7,'2021-10-24T19:18:16.84496+02'
3441,'5',17.7,'2021-10-24T19:40:18.548305+02'
3442,'5',17.6,'2021-10-24T20:02:47.1118+02'
3443,'5',17.6,'2021-10-24T20:23:23.58697+02'
3444,'5',17.4,'2021-10-24T20:44:54.336671+02'
3445,'5',17.4,'2021-10-24T21:05:27.922827+02'
3446,'5',17.3,'2021-10-24T21:26:36.32937+02'
3447,'5',17.3,'2021-10-24T21:47:44.452808+02'
3448,'5',17.2,'2021-10-24T22:09:53.709485+02'
3449,'5',17.1,'2021-10-24T22:31:50.619798+02'
3450,'5',17.0,'2021-10-24T22:52:56.53278+02'
3451,'5',17.0,'2021-10-24T23:14:01.510488+02'
3452,'5',16.9,'2021-10-24T23:36:50.051734+02'
3453,'5',16.8,'2021-10-24T23:58:30.49571+02'
3454,'5',16.8,'2021-10-25T00:20:38.008092+02'
3455,'5',16.7,'2021-10-25T00:43:04.015602+02'
3456,'5',16.6,'2021-10-25T01:05:31.167081+02'
3457,'5',16.6,'2021-10-25T01:27:33.198309+02'
3458,'5',16.5,'2021-10-25T01:48:32.055146+02'
3459,'5',16.4,'2021-10-25T02:11:06.476207+02'
3460,'5',16.4,'2021-10-25T02:33:11.969951+02'
3461,'5',16.8,'2021-10-25T02:55:02.047693+02'
3462,'5',17.0,'2021-10-25T03:16:22.264008+02'
3463,'5',17.2,'2021-10-25T03:37:58.047017+02'
3464,'5',17.5,'2021-10-25T03:58:40.595241+02'
3465,'5',17.7,'2021-10-25T04:19:46.788189+02'
3466,'5',17.8,'2021-10-25T04:41:13.545965+02'
3467,'5',18.1,'2021-10-25T05:03:11.620539+02'
3468,'5',18.3,'2021-10-25T05:25:27.227797+02'
3469,'5',18.4,'2021-10-25T05:47:20.885979+02'
3470,'5',18.4,'2021-10-25T06:08:37.207024+02'
3471,'5',18.6,'2021-10-25T06:30:25.375661+02'
3472,'5',18.7,'2021-10-25T06:53:28.646851+02'
3473,'5',18.7,'2021-10-25T07:16:17.219773+02'
3474,'5',18.8,'2021-10-25T07:37:50.027637+02'
3475,'5',18.9,'2021-10-25T07:59:16.336917+02'
3476,'5',18.9,'2021-10-25T08:20:23.827739+02'
3477,'5',18.9,'2021-10-25T08:42:36.543513+02'
3478,'5',18.9,'2021-10-25T09:05:08.489573+02'
3479,'5',19.0,'2021-10-25T09:27:36.621696+02'
3480,'5',19.0,'2021-10-25T09:48:56.709322+02'
3481,'5',19.1,'2021-10-25T10:11:09.621174+02'
3482,'5',19.2,'2021-10-25T10:32:42.474002+02'
3483,'5',19.2,'2021-10-25T10:53:30.15513+02'
3484,'5',19.2,'2021-10-25T11:14:41.798151+02'
3485,'5',19.3,'2021-10-25T11:36:46.598926+02'
3486,'5',19.4,'2021-10-25T11:58:44.324692+02'
3487,'5',19.4,'2021-10-25T12:19:43.587983+02'
3488,'5',19.4,'2021-10-25T12:41:20.094464+02'
3489,'5',19.3,'2021-10-25T13:02:57.690057+02'
3490,'5',19.2,'2021-10-25T13:24:08.771886+02'
3491,'5',19.3,'2021-10-25T13:45:47.950743+02'
3492,'5',19.2,'2021-10-25T14:07:11.43513+02'
3493,'5',19.3,'2021-10-25T14:28:32.744942+02'
3494,'5',19.3,'2021-10-25T14:49:57.675517+02'
3495,'5',19.3,'2021-10-25T15:10:52.286409+02'
3496,'5',19.3,'2021-10-25T15:32:01.16457+02'
3497,'5',19.3,'2021-10-25T15:53:16.388389+02'
3498,'5',19.3,'2021-10-25T16:14:42.674389+02'
3499,'5',19.3,'2021-10-25T16:35:17.750253+02'
3500,'5',19.3,'2021-10-25T16:58:13.314167+02'
3501,'5',19.3,'2021-10-25T17:20:05.252906+02'
3502,'5',19.4,'2021-10-25T17:41:27.985778+02'
3503,'5',19.3,'2021-10-25T18:03:24.440497+02'
3504,'5',19.4,'2021-10-25T18:26:32.219087+02'
3505,'5',19.3,'2021-10-25T18:49:07.468939+02'
3506,'5',19.3,'2021-10-25T19:10:52.382976+02'
3507,'5',19.3,'2021-10-25T19:31:59.240716+02'
3508,'5',19.2,'2021-10-25T19:52:44.067677+02'
3509,'5',19.2,'2021-10-25T20:14:28.800648+02'
3510,'5',19.2,'2021-10-25T20:35:46.670109+02'
3511,'5',19.1,'2021-10-25T20:56:46.919145+02'
3512,'5',19.0,'2021-10-25T21:18:25.882115+02'
3513,'5',19.0,'2021-10-25T21:40:33.321035+02'
3514,'5',18.9,'2021-10-25T22:02:00.280001+02'
3515,'5',18.8,'2021-10-25T22:24:29.988672+02'
3516,'5',18.8,'2021-10-25T22:45:52.077626+02'
3517,'5',18.7,'2021-10-25T23:07:07.904765+02'
3518,'5',18.7,'2021-10-25T23:29:03.949394+02'
3519,'5',18.6,'2021-10-25T23:51:03.320736+02'
3520,'5',18.6,'2021-10-26T00:14:34.976761+02'
3521,'5',18.5,'2021-10-26T00:37:00.526312+02'
3522,'5',18.4,'2021-10-26T00:59:03.769915+02'
3523,'5',18.4,'2021-10-26T01:20:12.408716+02'
3524,'5',18.3,'2021-10-26T01:42:26.215523+02'
3525,'5',18.3,'2021-10-26T02:05:10.049519+02'
3526,'5',18.2,'2021-10-26T02:27:54.024819+02'
3527,'5',18.2,'2021-10-26T02:49:59.494596+02'
3528,'5',18.2,'2021-10-26T03:10:46.794549+02'
3529,'5',18.3,'2021-10-26T03:32:21.597813+02'
3530,'5',18.5,'2021-10-26T03:53:45.371053+02'
3531,'5',18.5,'2021-10-26T04:14:46.170492+02'
3532,'5',18.6,'2021-10-26T04:35:48.683438+02'
3533,'5',18.6,'2021-10-26T04:56:56.959894+02'
3534,'5',18.7,'2021-10-26T05:19:31.88164+02'
3535,'5',18.7,'2021-10-26T05:40:48.29596+02'
3536,'5',18.7,'2021-10-26T06:02:25.655714+02'
3537,'5',18.8,'2021-10-26T06:25:06.783038+02'
3538,'5',18.8,'2021-10-26T06:46:58.180788+02'
3539,'5',18.8,'2021-10-26T07:08:20.716276+02'
3540,'5',18.8,'2021-10-26T07:29:52.171188+02'
3541,'5',18.8,'2021-10-26T07:51:36.751788+02'
3542,'5',18.9,'2021-10-26T08:12:44.175526+02'
3543,'5',18.9,'2021-10-26T08:35:16.059006+02'
3544,'5',19.0,'2021-10-26T08:56:24.169068+02'
3545,'5',19.1,'2021-10-26T09:17:37.097787+02'
3546,'5',19.1,'2021-10-26T09:38:25.80714+02'
3547,'5',19.4,'2021-10-26T10:00:16.924535+02'
3548,'5',19.7,'2021-10-26T10:22:09.870191+02'
3549,'5',20.0,'2021-10-26T10:43:42.236141+02'
3550,'5',20.1,'2021-10-26T11:05:19.286189+02'
3551,'5',20.4,'2021-10-26T11:27:13.823172+02'
3552,'5',20.5,'2021-10-26T11:48:55.545609+02'
3553,'5',20.6,'2021-10-26T12:09:57.913474+02'
3554,'5',20.6,'2021-10-26T12:31:13.269929+02'
3555,'5',20.7,'2021-10-26T12:52:56.101731+02'
3556,'5',20.7,'2021-10-26T13:15:16.294578+02'
3557,'5',20.7,'2021-10-26T13:36:24.849038+02'
3558,'5',20.6,'2021-10-26T13:57:39.78397+02'
3559,'5',20.6,'2021-10-26T14:19:06.59961+02'
3560,'5',19.0,'2021-10-27T09:36:37.60086+02'
3561,'5',19.3,'2021-10-27T10:07:22.146028+02'
3562,'5',19.4,'2021-10-27T10:30:57.370536+02'
3563,'5',19.5,'2021-10-27T10:52:19.50937+02'
3564,'5',19.5,'2021-10-27T11:15:21.430104+02'
3565,'5',19.5,'2021-10-27T11:37:20.365292+02'
3566,'5',19.7,'2021-10-27T12:00:14.419549+02'
3567,'5',19.8,'2021-10-27T12:22:17.649853+02'
3568,'5',19.7,'2021-10-27T12:43:33.636585+02'
3569,'5',19.7,'2021-10-27T13:04:40.479118+02'
3570,'5',19.7,'2021-10-27T13:27:23.103754+02'
3571,'5',19.7,'2021-10-27T13:49:21.257517+02'
3572,'5',19.6,'2021-10-27T14:11:28.647677+02'
3573,'5',19.8,'2021-10-27T14:55:50.685142+02'
3574,'5',19.8,'2021-10-27T15:17:26.476574+02'
3575,'5',19.8,'2021-10-27T15:39:33.099328+02'
3576,'5',19.9,'2021-10-27T16:02:34.074135+02'
3577,'5',19.9,'2021-10-27T16:24:21.32129+02'
3578,'5',19.9,'2021-10-27T16:46:45.985605+02'
3579,'5',20.0,'2021-10-27T17:08:40.879701+02'
3580,'5',20.0,'2021-10-27T17:30:09.484146+02'
3581,'5',20.0,'2021-10-27T17:52:37.814371+02'
3582,'5',20.0,'2021-10-27T18:14:03.07329+02'
3583,'5',20.0,'2021-10-27T18:35:44.984068+02'
3584,'5',19.9,'2021-10-27T18:57:58.196349+02'
3585,'5',19.9,'2021-10-27T19:19:13.079461+02'
3586,'5',19.9,'2021-10-27T19:41:41.974892+02'
3587,'5',19.8,'2021-10-27T20:03:12.836461+02'
3588,'5',19.8,'2021-10-27T20:25:38.478114+02'
3589,'5',19.7,'2021-10-27T20:48:02.801952+02'
3590,'5',19.7,'2021-10-27T21:10:26.100263+02'
3591,'5',19.6,'2021-10-27T21:31:15.993189+02'
3592,'5',19.5,'2021-10-27T21:52:24.907365+02'
3593,'5',19.4,'2021-10-27T22:14:40.320595+02'
3594,'5',19.4,'2021-10-27T22:35:26.855053+02'
3595,'5',19.3,'2021-10-27T22:56:52.591838+02'
3596,'5',19.2,'2021-10-27T23:18:32.652672+02'
3597,'5',19.2,'2021-10-27T23:40:57.494869+02'
3598,'5',19.1,'2021-10-28T00:03:35.290727+02'
3599,'5',18.9,'2021-10-28T00:25:03.956775+02'
3600,'5',18.9,'2021-10-28T00:47:21.412066+02'
3601,'5',18.8,'2021-10-28T01:09:48.810447+02'
3602,'5',18.8,'2021-10-28T01:30:20.91789+02'
3603,'5',18.7,'2021-10-28T01:52:09.16159+02'
3604,'5',18.6,'2021-10-28T02:15:03.400697+02'
3605,'5',18.6,'2021-10-28T02:37:45.498111+02'
3606,'5',18.6,'2021-10-28T02:58:54.836087+02'
3607,'5',18.6,'2021-10-28T03:20:29.142495+02'
3608,'5',18.7,'2021-10-28T03:41:55.081701+02'
3609,'5',18.7,'2021-10-28T04:02:31.951015+02'
3610,'5',18.8,'2021-10-28T04:24:13.609015+02'
3611,'5',18.8,'2021-10-28T04:46:09.97321+02'
3612,'5',18.9,'2021-10-28T05:07:41.963253+02'
3613,'5',18.9,'2021-10-28T05:28:34.791761+02'
3614,'5',19.0,'2021-10-28T05:50:08.551915+02'
3615,'5',19.0,'2021-10-28T06:11:50.213561+02'
3616,'5',19.0,'2021-10-28T06:33:17.285039+02'
3617,'5',19.0,'2021-10-28T06:54:46.378979+02'
3618,'5',19.0,'2021-10-28T07:16:09.421637+02'
3619,'5',19.0,'2021-10-28T07:37:42.047843+02'
3620,'5',19.0,'2021-10-28T07:58:29.655286+02'
3621,'5',19.0,'2021-10-28T08:20:29.487001+02'
3622,'5',19.0,'2021-10-28T08:43:13.274138+02'
3623,'5',19.1,'2021-10-28T09:05:08.860485+02'
3624,'5',19.2,'2021-10-28T09:28:13.905001+02'
3625,'5',19.3,'2021-10-28T09:50:04.249163+02'
3626,'5',19.6,'2021-10-28T10:12:55.054348+02'
3627,'5',19.8,'2021-10-28T10:34:00.662068+02'
3628,'5',20.1,'2021-10-28T10:55:15.899973+02'
3629,'5',20.2,'2021-10-28T11:16:15.520571+02'
3630,'5',20.4,'2021-10-28T11:37:17.40187+02'
3631,'5',20.7,'2021-10-28T12:00:00.382521+02'
3632,'5',20.9,'2021-10-28T12:21:52.6129+02'
3633,'5',21.0,'2021-10-28T12:43:00.768318+02'
3634,'5',21.1,'2021-10-28T13:04:36.067388+02'
3635,'5',21.2,'2021-10-28T13:26:02.583593+02'
3636,'5',21.2,'2021-10-28T13:48:33.18923+02'
3637,'5',21.2,'2021-10-28T14:11:05.315783+02'
3638,'5',21.3,'2021-10-28T14:32:54.251702+02'
3639,'5',21.2,'2021-10-28T14:53:58.395618+02'
3640,'5',21.2,'2021-10-28T15:16:13.287451+02'
3641,'5',21.2,'2021-10-28T15:37:30.038953+02'
3642,'5',21.1,'2021-10-28T15:58:26.755304+02'
3643,'5',21.1,'2021-10-28T16:19:12.610858+02'
3644,'5',21.0,'2021-10-28T16:40:11.692916+02'
3645,'5',20.9,'2021-10-28T17:02:00.391799+02'
3646,'5',20.9,'2021-10-28T17:24:01.768778+02'
3647,'5',20.9,'2021-10-28T17:45:47.945566+02'
3648,'5',20.9,'2021-10-28T18:06:26.994367+02'
3649,'5',20.8,'2021-10-28T18:28:19.566152+02'
3650,'5',20.8,'2021-10-28T18:50:22.125826+02'
3651,'5',20.8,'2021-10-28T19:11:37.206613+02'
3652,'5',20.7,'2021-10-28T19:34:00.426768+02'
3653,'5',20.7,'2021-10-28T19:55:41.024793+02'
3654,'5',20.6,'2021-10-28T20:16:24.532994+02'
3655,'5',20.6,'2021-10-28T20:38:26.842873+02'
3656,'5',20.5,'2021-10-28T21:00:00.812002+02'
3657,'5',20.4,'2021-10-28T21:22:37.662087+02'
3658,'5',20.3,'2021-10-28T21:44:36.131222+02'
3659,'5',20.3,'2021-10-28T22:06:02.710308+02'
3660,'5',20.2,'2021-10-28T22:27:23.832514+02'
3661,'5',20.2,'2021-10-28T22:49:10.13092+02'
3662,'5',20.1,'2021-10-28T23:11:07.532337+02'
3663,'5',20.0,'2021-10-28T23:33:08.473884+02'
3664,'5',20.0,'2021-10-28T23:54:58.378246+02'
3665,'5',19.9,'2021-10-29T00:15:29.951513+02'
3666,'5',19.9,'2021-10-29T00:36:16.769495+02'
3667,'5',19.8,'2021-10-29T00:57:31.715665+02'
3668,'5',19.7,'2021-10-29T01:19:51.678955+02'
3669,'5',19.7,'2021-10-29T01:41:09.084741+02'
3670,'5',19.6,'2021-10-29T02:03:06.816185+02'
3671,'5',19.6,'2021-10-29T02:26:04.940144+02'
3672,'5',19.5,'2021-10-29T02:47:41.452805+02'
3673,'5',19.5,'2021-10-29T03:09:10.553997+02'
3674,'5',19.6,'2021-10-29T03:30:32.977137+02'
3675,'5',19.6,'2021-10-29T03:52:12.905179+02'
3676,'5',19.6,'2021-10-29T04:14:17.67012+02'
3677,'5',19.7,'2021-10-29T04:35:38.95259+02'
3678,'5',19.7,'2021-10-29T04:56:33.959926+02'
3679,'5',19.7,'2021-10-29T05:19:05.549669+02'
3680,'5',19.7,'2021-10-29T05:41:54.35268+02'
3681,'5',19.8,'2021-10-29T06:03:54.667314+02'
3682,'5',19.7,'2021-10-29T06:24:18.084559+02'
3683,'5',19.7,'2021-10-29T06:45:44.649837+02'
3684,'5',19.7,'2021-10-29T07:07:26.066002+02'
3685,'5',19.7,'2021-10-29T07:28:17.841922+02'
3686,'5',19.7,'2021-10-29T07:49:54.671968+02'
3687,'5',19.7,'2021-10-29T08:11:13.468264+02'
3688,'5',19.7,'2021-10-29T08:32:25.276373+02'
3689,'5',19.8,'2021-10-29T08:54:40.424833+02'
3690,'5',19.9,'2021-10-29T09:16:27.085063+02'
3691,'5',19.8,'2021-10-29T09:38:17.729072+02'
3692,'5',20.1,'2021-10-29T10:00:42.326188+02'
3693,'5',20.4,'2021-10-29T10:23:00.814613+02'
3694,'5',20.6,'2021-10-29T10:45:12.228081+02'
3695,'5',20.6,'2021-10-29T11:07:48.127958+02'
3696,'5',20.9,'2021-10-29T11:28:49.793359+02'
3697,'5',21.0,'2021-10-29T11:49:57.525389+02'
3698,'5',21.2,'2021-10-29T12:11:53.715496+02'
3699,'5',21.1,'2021-10-29T12:33:16.343968+02'
3700,'5',21.0,'2021-10-29T12:54:54.135981+02'
3701,'5',21.0,'2021-10-29T13:15:18.114574+02'
3702,'5',21.0,'2021-10-29T13:36:18.537731+02'
3703,'5',20.9,'2021-10-29T13:58:12.824883+02'
3704,'5',20.9,'2021-10-29T14:20:44.376183+02'
3705,'5',20.8,'2021-10-29T14:42:46.768523+02'
3706,'5',20.7,'2021-10-29T15:04:11.541001+02'
3707,'5',20.7,'2021-10-29T15:25:27.349255+02'
3708,'5',20.7,'2021-10-29T15:47:00.303924+02'
3709,'5',20.7,'2021-10-29T16:09:07.917749+02'
3710,'5',20.6,'2021-10-29T16:30:48.236525+02'
3711,'5',20.5,'2021-10-29T16:52:18.208529+02'
3712,'5',20.5,'2021-10-29T17:14:13.073506+02'
3713,'5',20.6,'2021-10-29T17:35:28.880364+02'
3714,'5',20.5,'2021-10-29T17:58:11.889819+02'
3715,'5',20.5,'2021-10-29T18:19:39.661626+02'
3716,'5',20.5,'2021-10-29T18:40:21.770431+02'
3717,'5',20.5,'2021-10-29T19:02:35.601996+02'
3718,'5',20.4,'2021-10-29T19:24:24.992291+02'
3719,'5',20.3,'2021-10-29T19:45:43.176739+02'
3720,'5',20.3,'2021-10-29T20:07:56.532209+02'
3721,'5',20.3,'2021-10-29T20:29:50.196875+02'
3722,'5',20.2,'2021-10-29T20:51:39.534468+02'
3723,'5',20.2,'2021-10-29T21:13:21.769919+02'
3724,'5',20.1,'2021-10-29T21:35:57.739389+02'
3725,'5',20.0,'2021-10-29T21:58:02.841592+02'
3726,'5',20.0,'2021-10-29T22:20:45.551698+02'
3727,'5',19.9,'2021-10-29T22:41:50.741882+02'
3728,'5',19.9,'2021-10-29T23:03:33.032759+02'
3729,'5',19.8,'2021-10-29T23:25:39.156147+02'
3730,'5',19.8,'2021-10-29T23:47:23.864797+02'
3731,'5',19.7,'2021-10-30T00:09:03.555024+02'
3732,'5',19.6,'2021-10-30T00:31:44.637961+02'
3733,'5',19.5,'2021-10-30T00:53:02.495701+02'
3734,'5',19.5,'2021-10-30T01:14:52.908076+02'
3735,'5',19.5,'2021-10-30T01:35:29.511942+02'
3736,'5',19.4,'2021-10-30T01:56:52.158156+02'
3737,'5',19.3,'2021-10-30T02:18:40.111624+02'
3738,'5',19.3,'2021-10-30T02:41:04.955175+02'
3739,'5',19.2,'2021-10-30T03:03:39.92336+02'
3740,'5',19.1,'2021-10-30T03:24:49.218037+02'
3741,'5',19.1,'2021-10-30T03:47:03.008538+02'
3742,'5',19.0,'2021-10-30T04:09:31.893189+02'
3743,'5',19.0,'2021-10-30T04:31:05.796346+02'
3744,'5',18.9,'2021-10-30T04:52:28.860559+02'
3745,'5',18.9,'2021-10-30T05:13:56.688284+02'
3746,'5',18.8,'2021-10-30T05:35:12.012456+02'
3747,'5',18.8,'2021-10-30T05:57:29.720166+02'
3748,'5',18.7,'2021-10-30T06:19:01.012702+02'
3749,'5',18.7,'2021-10-30T06:41:13.847719+02'
3750,'5',18.7,'2021-10-30T07:03:22.731646+02'
3751,'5',18.6,'2021-10-30T07:26:04.213676+02'
3752,'5',18.6,'2021-10-30T07:48:16.29019+02'
3753,'5',18.6,'2021-10-30T08:09:25.183904+02'
3754,'5',18.5,'2021-10-30T08:30:22.335789+02'
3755,'5',18.5,'2021-10-30T08:52:08.859221+02'
3756,'5',18.4,'2021-10-30T09:13:50.314563+02'
3757,'5',18.4,'2021-10-30T09:34:16.143441+02'
3758,'5',18.3,'2021-10-30T09:56:54.60936+02'
3759,'5',18.3,'2021-10-30T10:18:22.186247+02'
3760,'5',18.3,'2021-10-30T10:40:08.542819+02'
3761,'5',18.3,'2021-10-30T11:01:41.493501+02'
3762,'5',18.2,'2021-10-30T11:22:45.001391+02'
3763,'5',18.2,'2021-10-30T11:43:49.292239+02'
3764,'5',18.2,'2021-10-30T12:05:25.425121+02'
3765,'5',18.1,'2021-10-30T12:28:01.328841+02'
3766,'5',18.1,'2021-10-30T12:49:39.150824+02'
3767,'5',18.1,'2021-10-30T13:10:50.443496+02'
3768,'5',18.1,'2021-10-30T13:31:52.280989+02'
3769,'5',18.0,'2021-10-30T13:53:52.758883+02'
3770,'5',18.0,'2021-10-30T14:16:07.690116+02'
3771,'5',18.0,'2021-10-30T14:38:06.904746+02'
3772,'5',18.0,'2021-10-30T14:59:50.878412+02'
3773,'5',18.0,'2021-10-30T15:21:08.459122+02'
3774,'5',18.0,'2021-10-30T15:42:18.637455+02'
3775,'5',18.0,'2021-10-30T16:04:36.025162+02'
3776,'5',17.9,'2021-10-30T16:27:56.560314+02'
3777,'5',18.0,'2021-10-30T16:49:12.538197+02'
3778,'5',17.9,'2021-10-30T17:11:13.182305+02'
3779,'5',17.9,'2021-10-30T17:32:52.554066+02'
3780,'5',17.9,'2021-10-30T17:54:59.776363+02'
3781,'5',17.9,'2021-10-30T18:16:21.251068+02'
3782,'5',17.8,'2021-10-30T18:37:38.717232+02'
3783,'5',17.8,'2021-10-30T18:58:36.346927+02'
3784,'5',17.8,'2021-10-30T19:19:46.489256+02'
3785,'5',17.8,'2021-10-30T19:41:31.976897+02'
3786,'5',17.7,'2021-10-30T20:03:34.153005+02'
3787,'5',17.7,'2021-10-30T20:24:46.264965+02'
3788,'5',17.6,'2021-10-30T20:46:52.837811+02'
3789,'5',17.6,'2021-10-30T21:08:38.785502+02'
3790,'5',17.6,'2021-10-30T21:31:59.735814+02'
3791,'5',17.5,'2021-10-30T21:53:57.584235+02'
3792,'5',17.5,'2021-10-30T22:15:59.64655+02'
3793,'5',17.5,'2021-10-30T22:37:22.084086+02'
3794,'5',17.4,'2021-10-30T23:00:30.048264+02'
3795,'5',17.3,'2021-10-30T23:23:01.365228+02'
3796,'5',17.3,'2021-10-30T23:45:38.221139+02'
3797,'5',17.3,'2021-10-31T00:06:56.150383+02'
3798,'5',17.2,'2021-10-31T00:28:09.398306+02'
3799,'5',17.2,'2021-10-31T00:50:34.610847+02'
3800,'5',17.2,'2021-10-31T01:13:16.214332+02'
3801,'5',17.1,'2021-10-31T01:34:25.464675+02'
3802,'5',17.1,'2021-10-31T01:56:51.403312+02'
3803,'5',17.0,'2021-10-31T02:18:02.601522+02'
3804,'5',17.0,'2021-10-31T02:40:20.813464+02'
3805,'5',16.8,'2021-10-31T03:06:56.536188+01'
3806,'5',16.7,'2021-10-31T03:28:32.558693+01'
3807,'5',16.7,'2021-10-31T03:50:15.732059+01'
3808,'5',16.7,'2021-10-31T04:13:00.188004+01'
3809,'5',16.6,'2021-10-31T04:34:56.451518+01'
3810,'5',16.5,'2021-10-31T04:57:34.127943+01'
3811,'5',16.5,'2021-10-31T05:19:26.968513+01'
3812,'5',16.5,'2021-10-31T05:42:26.003159+01'
3813,'5',16.4,'2021-10-31T06:05:03.580151+01'
3814,'5',16.4,'2021-10-31T06:27:28.878264+01'
3815,'5',16.3,'2021-10-31T06:49:20.407627+01'
3816,'5',16.3,'2021-10-31T07:10:45.503303+01'
3817,'5',16.2,'2021-10-31T07:32:15.096961+01'
3818,'5',16.2,'2021-10-31T07:54:09.642113+01'
3819,'5',16.2,'2021-10-31T08:16:46.944573+01'
3820,'5',16.2,'2021-10-31T08:38:05.314995+01'
3821,'5',16.2,'2021-10-31T08:59:28.654229+01'
3822,'5',16.1,'2021-10-31T09:20:48.737505+01'
3823,'5',16.2,'2021-10-31T09:42:25.530522+01'
3824,'5',16.1,'2021-10-31T10:03:40.964585+01'
3825,'5',16.1,'2021-10-31T10:25:55.57656+01'
3826,'5',16.1,'2021-10-31T10:48:19.357613+01'
3827,'5',16.1,'2021-10-31T11:09:46.23861+01'
3828,'5',16.1,'2021-10-31T11:32:21.035174+01'
3829,'5',16.0,'2021-10-31T11:54:23.87265+01'
3830,'5',16.0,'2021-10-31T12:16:10.142913+01'
3831,'5',16.0,'2021-10-31T12:38:22.529847+01'
3832,'5',16.0,'2021-10-31T12:59:54.508565+01'
3833,'5',16.0,'2021-10-31T13:21:41.368163+01'
3834,'5',16.0,'2021-10-31T13:43:32.307242+01'
3835,'5',16.0,'2021-10-31T14:04:48.139599+01'
3836,'5',15.9,'2021-10-31T14:25:51.721951+01'
3837,'5',15.9,'2021-10-31T14:47:15.157442+01'
3838,'5',15.9,'2021-10-31T15:09:04.865748+01'
3839,'5',15.9,'2021-10-31T15:32:02.279077+01'
3840,'5',15.9,'2021-10-31T15:54:12.246245+01'
3841,'5',15.9,'2021-10-31T16:15:55.870146+01'
3842,'5',15.9,'2021-10-31T16:37:22.273892+01'
3843,'5',15.9,'2021-10-31T16:58:16.832089+01'
3844,'5',15.9,'2021-10-31T17:19:08.453523+01'
3845,'5',15.9,'2021-10-31T17:40:56.411399+01'
3846,'5',15.8,'2021-10-31T18:01:45.205472+01'
3847,'5',15.8,'2021-10-31T18:24:06.406258+01'
3848,'5',15.8,'2021-10-31T18:46:26.626405+01'
3849,'5',15.8,'2021-10-31T19:08:50.44935+01'
3850,'5',15.7,'2021-10-31T19:30:11.112684+01'
3851,'5',15.8,'2021-10-31T19:53:10.916797+01'
3852,'5',15.9,'2021-10-31T20:14:34.738758+01'
3853,'5',16.0,'2021-10-31T20:35:32.158373+01'
3854,'5',16.2,'2021-10-31T20:57:02.699295+01'
3855,'5',16.4,'2021-10-31T21:18:36.354601+01'
3856,'5',16.5,'2021-10-31T21:40:25.016842+01'
3857,'5',16.7,'2021-10-31T22:02:04.543875+01'
3858,'5',16.8,'2021-10-31T22:23:29.100604+01'
3859,'5',16.8,'2021-10-31T22:46:00.919764+01'
3860,'5',16.8,'2021-10-31T23:07:36.841767+01'
3861,'5',16.7,'2021-10-31T23:30:02.423663+01'
3862,'5',16.6,'2021-10-31T23:52:43.509911+01'
3863,'5',16.6,'2021-11-01T00:14:28.79939+01'
3864,'5',16.5,'2021-11-01T00:36:17.696749+01'
3865,'5',16.4,'2021-11-01T00:57:43.341749+01'
3866,'5',16.4,'2021-11-01T01:19:29.282197+01'
3867,'5',16.3,'2021-11-01T01:40:32.798089+01'
3868,'5',16.2,'2021-11-01T02:02:04.660131+01'
3869,'5',16.1,'2021-11-01T02:24:03.9815+01'
3870,'5',16.1,'2021-11-01T02:45:47.057605+01'
3871,'5',16.1,'2021-11-01T03:06:40.079097+01'
3872,'5',16.3,'2021-11-01T03:28:21.392204+01'
3873,'5',16.4,'2021-11-01T03:49:34.732588+01'
3874,'5',16.6,'2021-11-01T04:12:15.244553+01'
3875,'5',16.7,'2021-11-01T04:34:31.680329+01'
3876,'5',16.8,'2021-11-01T04:55:34.745635+01'
3877,'5',16.9,'2021-11-01T05:16:48.970357+01'
3878,'5',17.0,'2021-11-01T05:38:29.10927+01'
3879,'5',17.1,'2021-11-01T05:59:58.748719+01'
3880,'5',17.1,'2021-11-01T06:20:51.407936+01'
3881,'5',17.2,'2021-11-01T06:41:58.840199+01'
3882,'5',17.2,'2021-11-01T07:03:14.888443+01'
3883,'5',17.2,'2021-11-01T07:25:30.479474+01'
3884,'5',17.2,'2021-11-01T07:47:11.863193+01'
3885,'5',17.3,'2021-11-01T08:08:52.576912+01'
3886,'5',17.3,'2021-11-01T08:30:17.66183+01'
3887,'5',17.4,'2021-11-01T08:53:00.315187+01'
3888,'5',17.5,'2021-11-01T09:14:07.352975+01'
3889,'5',17.7,'2021-11-01T09:36:12.433492+01'
3890,'5',18.0,'2021-11-01T09:57:37.434155+01'
3891,'5',18.2,'2021-11-01T10:18:36.789047+01'
3892,'5',18.4,'2021-11-01T10:39:39.857239+01'
3893,'5',18.7,'2021-11-01T11:00:53.035896+01'
3894,'5',18.9,'2021-11-01T11:21:29.029304+01'
3895,'5',19.1,'2021-11-01T11:43:08.336736+01'
3896,'5',19.2,'2021-11-01T12:04:24.280254+01'
3897,'5',19.3,'2021-11-01T12:26:45.285807+01'
3898,'5',19.4,'2021-11-01T12:48:16.630941+01'
3899,'5',19.4,'2021-11-01T13:09:51.594685+01'
3900,'5',19.3,'2021-11-01T13:30:45.671482+01'
3901,'5',19.3,'2021-11-01T13:52:50.183805+01'
3902,'5',19.3,'2021-11-01T14:13:51.444365+01'
3903,'5',19.2,'2021-11-01T14:35:04.61013+01'
3904,'5',19.2,'2021-11-01T14:56:15.788528+01'
3905,'5',19.2,'2021-11-01T15:17:29.564386+01'
3906,'5',19.1,'2021-11-01T15:39:17.518786+01'
3907,'5',19.1,'2021-11-01T16:01:28.38806+01'
3908,'5',19.1,'2021-11-01T16:23:22.140512+01'
3909,'5',19.1,'2021-11-01T16:45:22.763887+01'
3910,'5',19.1,'2021-11-01T17:06:46.5437+01'
3911,'5',19.1,'2021-11-01T17:27:27.69037+01'
3912,'5',19.1,'2021-11-01T17:49:43.761619+01'
3913,'5',19.1,'2021-11-01T18:11:09.088215+01'
3914,'5',19.1,'2021-11-01T18:33:27.797088+01'
3915,'5',19.0,'2021-11-01T18:54:26.440624+01'
3916,'5',18.9,'2021-11-01T19:16:16.420691+01'
3917,'5',18.9,'2021-11-01T19:37:50.458817+01'
3918,'5',18.8,'2021-11-01T19:58:29.915349+01'
3919,'5',18.7,'2021-11-01T20:20:17.274014+01'
3920,'5',18.6,'2021-11-01T20:42:08.660125+01'
3921,'5',18.6,'2021-11-01T21:04:22.824858+01'
3922,'5',18.4,'2021-11-01T21:25:51.731372+01'
3923,'5',18.4,'2021-11-01T21:47:53.92142+01'
3924,'5',18.3,'2021-11-01T22:10:11.122758+01'
3925,'5',18.1,'2021-11-01T22:32:24.453763+01'
3926,'5',18.0,'2021-11-01T22:54:05.910213+01'
3927,'5',18.0,'2021-11-01T23:16:52.540277+01'
3928,'5',17.9,'2021-11-01T23:37:43.697974+01'
3929,'5',17.8,'2021-11-01T23:58:58.004189+01'
3930,'5',17.7,'2021-11-02T00:20:06.042172+01'
3931,'5',17.7,'2021-11-02T00:41:25.998991+01'
3932,'5',17.6,'2021-11-02T01:03:02.954288+01'
3933,'5',17.5,'2021-11-02T01:24:36.974945+01'
3934,'5',17.4,'2021-11-02T01:46:18.24547+01'
3935,'5',17.4,'2021-11-02T02:07:33.604996+01'
3936,'5',17.3,'2021-11-02T02:29:32.555586+01'
3937,'5',17.3,'2021-11-02T02:51:12.14526+01'
3938,'5',17.4,'2021-11-02T03:12:59.618316+01'
3939,'5',17.4,'2021-11-02T03:35:02.482766+01'
3940,'5',17.6,'2021-11-02T03:57:23.971505+01'
3941,'5',17.7,'2021-11-02T04:18:37.862842+01'
3942,'5',17.7,'2021-11-02T04:40:00.626059+01'
3943,'5',17.8,'2021-11-02T05:03:10.350066+01'
3944,'5',17.9,'2021-11-02T05:24:53.267916+01'
3945,'5',17.9,'2021-11-02T05:45:49.846529+01'
3946,'5',18.0,'2021-11-02T06:08:16.854252+01'
3947,'5',18.0,'2021-11-02T06:30:01.718247+01'
3948,'5',18.1,'2021-11-02T06:52:54.333615+01'
3949,'5',18.1,'2021-11-02T07:14:07.757038+01'
3950,'5',18.1,'2021-11-02T07:36:05.040761+01'
3951,'5',18.2,'2021-11-02T07:58:39.549425+01'
3952,'5',18.2,'2021-11-02T08:20:10.681387+01'
3953,'5',18.3,'2021-11-02T08:41:55.624271+01'
3954,'5',18.2,'2021-11-02T09:02:51.356162+01'
3955,'5',18.3,'2021-11-02T09:23:48.988581+01'
3956,'5',18.3,'2021-11-02T09:44:54.309598+01'
3957,'5',18.4,'2021-11-02T10:06:26.585811+01'
3958,'5',18.4,'2021-11-02T10:27:39.505473+01'
3959,'5',18.4,'2021-11-02T10:49:27.420188+01'
3960,'5',18.4,'2021-11-02T11:10:58.423025+01'
3961,'5',18.7,'2021-11-02T11:32:03.991712+01'
3962,'5',19.0,'2021-11-02T11:54:13.751103+01'
3963,'5',19.1,'2021-11-02T12:16:37.35613+01'
3964,'5',19.1,'2021-11-02T12:38:37.139296+01'
3965,'5',19.2,'2021-11-02T13:00:04.382134+01'
3966,'5',19.3,'2021-11-02T13:21:39.577318+01'
3967,'5',19.4,'2021-11-02T13:42:54.45247+01'
3968,'5',19.4,'2021-11-02T14:03:57.192439+01'
3969,'5',19.5,'2021-11-02T14:25:07.773645+01'
3970,'5',19.5,'2021-11-02T14:47:11.789831+01'
3971,'5',19.5,'2021-11-02T15:10:12.568446+01'
3972,'5',0.0,'2021-11-02T16:17:44.55484+01'
3973,'5',0.0,'2021-11-02T16:40:21.056454+01'
3974,'5',0.0,'2021-11-02T17:02:47.258202+01'
3975,'5',0.0,'2021-11-02T17:25:16.682804+01'
3976,'5',0.0,'2021-11-02T17:46:52.547871+01'
3977,'5',0.0,'2021-11-02T18:08:45.895826+01'
3978,'5',0.0,'2021-11-02T18:30:27.067687+01'
3979,'5',0.0,'2021-11-02T18:53:42.01469+01'
3980,'5',19.4,'2021-11-02T19:14:58.796457+01'
3981,'5',19.4,'2021-11-02T19:35:43.958108+01'
3982,'5',19.3,'2021-11-02T19:57:37.138595+01'
3983,'5',19.2,'2021-11-02T20:19:33.156516+01'
3984,'5',19.2,'2021-11-02T20:41:10.482415+01'
3985,'5',19.1,'2021-11-02T21:04:11.649475+01'
3986,'5',19.0,'2021-11-02T21:25:46.480971+01'
3987,'5',18.9,'2021-11-02T21:47:18.472581+01'
3988,'5',18.8,'2021-11-02T22:08:36.458998+01'
3989,'5',18.7,'2021-11-02T22:31:05.292584+01'
3990,'5',18.6,'2021-11-02T22:53:23.537704+01'
3991,'5',18.6,'2021-11-02T23:15:11.419301+01'
3992,'5',18.5,'2021-11-02T23:36:56.988373+01'
3993,'5',18.3,'2021-11-02T23:58:26.510613+01'
3994,'5',18.3,'2021-11-03T00:20:33.480919+01'
3995,'5',18.2,'2021-11-03T00:42:23.981444+01'
3996,'5',18.1,'2021-11-03T01:04:57.296439+01'
3997,'5',18.0,'2021-11-03T01:26:17.008396+01'
3998,'5',17.9,'2021-11-03T01:47:50.412049+01'
3999,'5',17.9,'2021-11-03T02:09:19.551638+01'
4000,'5',17.8,'2021-11-03T02:31:31.472282+01'
4001,'5',17.7,'2021-11-03T02:53:39.751614+01'
4002,'5',17.6,'2021-11-03T03:15:46.234696+01'
4003,'5',17.6,'2021-11-03T03:36:51.364596+01'
4004,'5',17.6,'2021-11-03T03:58:00.351319+01'
4005,'5',17.6,'2021-11-03T04:20:49.814092+01'
4006,'5',17.7,'2021-11-03T04:41:53.453508+01'
4007,'5',17.8,'2021-11-03T05:03:31.29543+01'
4008,'5',17.9,'2021-11-03T05:25:17.759377+01'
4009,'5',18.0,'2021-11-03T05:46:40.486955+01'
4010,'5',18.0,'2021-11-03T06:09:21.783912+01'
4011,'5',18.1,'2021-11-03T06:31:16.631342+01'
4012,'5',18.1,'2021-11-03T06:53:11.508317+01'
4013,'5',18.1,'2021-11-03T07:15:21.775503+01'
4014,'5',18.1,'2021-11-03T07:36:34.307316+01'
4015,'5',18.2,'2021-11-03T07:58:09.656984+01'
4016,'5',18.2,'2021-11-03T08:19:47.30682+01'
4017,'5',18.2,'2021-11-03T08:41:03.960227+01'
4018,'5',18.2,'2021-11-03T09:03:58.185844+01'
4019,'5',18.3,'2021-11-03T09:24:41.931061+01'
4020,'5',18.3,'2021-11-03T09:46:18.665939+01'
4021,'5',18.4,'2021-11-03T10:09:30.290739+01'
4022,'5',18.7,'2021-11-03T10:30:45.646391+01'
4023,'5',19.1,'2021-11-03T10:53:20.218261+01'
4024,'5',19.3,'2021-11-03T11:15:48.095808+01'
4025,'5',19.5,'2021-11-03T11:38:20.653295+01'
4026,'5',19.8,'2021-11-03T12:01:47.407574+01'
4027,'5',20.1,'2021-11-03T12:23:20.860821+01'
4028,'5',20.2,'2021-11-03T12:44:50.770988+01'
4029,'5',20.3,'2021-11-03T13:06:30.161078+01'
4030,'5',20.5,'2021-11-03T13:28:01.731351+01'
4031,'5',20.5,'2021-11-03T13:50:51.745644+01'
4032,'5',20.5,'2021-11-03T14:12:51.355326+01'
4033,'5',20.5,'2021-11-03T14:33:09.237118+01'
4034,'5',20.5,'2021-11-03T14:55:28.141695+01'
4035,'5',20.5,'2021-11-03T15:17:30.678296+01'
4036,'5',20.5,'2021-11-03T15:38:57.430097+01'
4037,'5',20.4,'2021-11-03T16:00:50.092869+01'
4038,'5',20.4,'2021-11-03T16:23:25.875424+01'
4039,'5',20.4,'2021-11-03T16:45:32.290048+01'
4040,'5',20.4,'2021-11-03T17:06:53.54932+01'
4041,'5',20.4,'2021-11-03T17:27:48.58013+01'
4042,'5',20.4,'2021-11-03T17:49:58.977844+01'
4043,'5',20.4,'2021-11-03T18:11:55.894943+01'
4044,'5',20.4,'2021-11-03T18:33:56.908854+01'
4045,'5',20.4,'2021-11-03T18:56:41.87539+01'
4046,'5',20.4,'2021-11-03T19:18:33.536986+01'
4047,'5',20.3,'2021-11-03T19:41:00.268544+01'
4048,'5',20.2,'2021-11-03T20:04:28.903201+01'
4049,'5',20.1,'2021-11-03T20:25:57.737932+01'
4050,'5',20.0,'2021-11-03T20:47:51.122533+01'
4051,'5',19.9,'2021-11-03T21:08:38.302146+01'
4052,'5',19.7,'2021-11-03T21:29:35.595925+01'
4053,'5',19.6,'2021-11-03T21:50:28.780651+01'
4054,'5',19.6,'2021-11-03T22:11:27.072382+01'
4055,'5',19.4,'2021-11-03T22:32:59.915771+01'
4056,'5',19.3,'2021-11-03T22:54:33.981705+01'
4057,'5',19.2,'2021-11-03T23:16:25.064604+01'
4058,'5',19.1,'2021-11-03T23:37:46.590509+01'
4059,'5',19.0,'2021-11-04T00:01:21.905884+01'
4060,'5',18.9,'2021-11-04T00:22:30.02755+01'
4061,'5',18.8,'2021-11-04T00:44:50.532413+01'
4062,'5',18.8,'2021-11-04T01:05:44.850349+01'
4063,'5',18.6,'2021-11-04T01:26:54.047842+01'
4064,'5',18.6,'2021-11-04T01:48:06.776418+01'
4065,'5',18.5,'2021-11-04T02:09:37.411092+01'
4066,'5',18.4,'2021-11-04T02:32:14.886965+01'
4067,'5',18.4,'2021-11-04T02:55:04.233166+01'
4068,'5',18.4,'2021-11-04T03:17:45.966067+01'
4069,'5',18.5,'2021-11-04T03:38:34.548415+01'
4070,'5',18.7,'2021-11-04T03:59:27.354162+01'
4071,'5',18.8,'2021-11-04T04:21:10.800136+01'
4072,'5',19.0,'2021-11-04T04:43:54.014791+01'
4073,'5',19.1,'2021-11-04T05:05:06.319719+01'
4074,'5',19.3,'2021-11-04T05:28:05.705498+01'
4075,'5',19.3,'2021-11-04T05:49:25.712719+01'
4076,'5',19.4,'2021-11-04T06:14:34.616531+01'
4077,'5',19.5,'2021-11-04T06:35:55.535007+01'
4078,'5',19.6,'2021-11-04T06:58:26.000319+01'
4079,'5',19.6,'2021-11-04T07:21:18.298052+01'
4080,'5',19.6,'2021-11-04T07:42:38.980781+01'
4081,'5',19.6,'2021-11-04T08:05:13.025201+01'
4082,'5',19.7,'2021-11-04T08:26:53.618071+01'
4083,'5',19.8,'2021-11-04T08:47:55.396191+01'
4084,'5',19.9,'2021-11-04T09:09:27.843487+01'
4085,'5',20.1,'2021-11-04T09:31:14.822859+01'
4086,'5',20.3,'2021-11-04T09:53:27.642028+01'
4087,'5',20.3,'2021-11-04T10:14:36.719067+01'
4088,'5',20.3,'2021-11-04T10:35:28.296594+01'
4089,'5',20.4,'2021-11-04T10:58:13.051022+01'
4090,'5',20.7,'2021-11-04T11:27:32.917895+01'
4091,'5',20.9,'2021-11-04T11:54:04.471+01'
4092,'5',21.0,'2021-11-04T12:18:57.929+01'
4093,'5',21.1,'2021-11-04T12:41:08.87+01'
4094,'5',21.2,'2021-11-04T13:05:45.205+01'
4095,'5',21.2,'2021-11-04T13:28:35.189+01'
4096,'5',21.2,'2021-11-04T13:51:42.487+01'
4097,'5',21.1,'2021-11-04T14:15:53.61+01'
4098,'5',21.1,'2021-11-04T14:37:46.237+01'
4099,'5',21.1,'2021-11-04T14:59:41.696+01'
4100,'5',21.0,'2021-11-04T15:21:59.062+01'
4101,'5',21.0,'2021-11-04T15:43:02.795+01'
4102,'5',21.0,'2021-11-04T16:06:19.021+01'
4103,'5',20.9,'2021-11-04T16:27:49.407+01'
4104,'5',20.8,'2021-11-04T16:49:41.054+01'
4105,'5',20.8,'2021-11-04T17:11:33.664+01'
4106,'5',20.8,'2021-11-04T17:33:03.201+01'
4107,'5',20.8,'2021-11-04T17:55:23.077+01'
4108,'5',20.8,'2021-11-04T18:17:17.712+01'
4109,'5',20.7,'2021-11-04T18:38:58.777+01'
4110,'5',20.7,'2021-11-04T19:00:41.204+01'
4111,'5',20.6,'2021-11-04T19:22:26.585+01'
4112,'5',20.6,'2021-11-04T19:45:02.684+01'
4113,'5',20.5,'2021-11-04T20:07:58.013+01'
4114,'5',20.4,'2021-11-04T20:29:08.875+01'
4115,'5',20.3,'2021-11-04T20:52:17.039+01'
4116,'5',20.2,'2021-11-04T21:14:06.788+01'
4117,'5',20.1,'2021-11-04T21:36:35.327+01'
4118,'5',20.0,'2021-11-04T22:00:07.235+01'
4119,'5',19.8,'2021-11-04T22:21:19.466+01'
4120,'5',19.7,'2021-11-04T22:43:00.208+01'
4121,'5',19.7,'2021-11-04T23:04:55.383+01'
4122,'5',19.5,'2021-11-04T23:26:15.131+01'
4123,'5',19.4,'2021-11-04T23:48:10.548+01'
4124,'5',19.4,'2021-11-05T00:10:27.653+01'
4125,'5',19.3,'2021-11-05T00:32:45.539+01'
4126,'5',19.1,'2021-11-05T00:55:04.88+01'
4127,'5',19.1,'2021-11-05T01:17:38.405+01'
4128,'5',19.0,'2021-11-05T01:39:14.458+01'
4129,'5',18.9,'2021-11-05T02:02:06.925+01'
4130,'5',18.8,'2021-11-05T02:23:35.401+01'
4131,'5',18.7,'2021-11-05T02:45:35.746+01'
4132,'5',18.7,'2021-11-05T03:07:33.129+01'
4133,'5',18.6,'2021-11-05T03:29:12.415+01'
4134,'5',18.5,'2021-11-05T03:50:30.975+01'
4135,'5',18.4,'2021-11-05T04:12:39.403+01'
4136,'5',18.4,'2021-11-05T04:34:18.093+01'
4137,'5',18.3,'2021-11-05T04:56:29.258+01'
4138,'5',18.2,'2021-11-05T05:17:56+01'
4139,'5',18.2,'2021-11-05T05:38:55.004+01'
4140,'5',18.1,'2021-11-05T05:59:45.415+01'
4141,'5',18.0,'2021-11-05T06:21:34.142+01'
4142,'5',17.9,'2021-11-05T06:44:16.143+01'
4143,'5',17.9,'2021-11-05T07:06:02.075+01'
4144,'5',17.9,'2021-11-05T07:27:50.02+01'
4145,'5',17.9,'2021-11-05T07:49:16.866+01'
4146,'5',18.1,'2021-11-05T08:11:03.07+01'
4147,'5',18.2,'2021-11-05T08:33:30.32+01'
4148,'5',18.5,'2021-11-05T08:55:00.061+01'
4149,'5',18.7,'2021-11-05T09:18:11.336+01'
4150,'5',18.8,'2021-11-05T09:39:57.216+01'
4151,'5',19.3,'2021-11-05T10:00:27.446+01'
4152,'5',19.7,'2021-11-05T10:24:01.661+01'
4153,'5',19.9,'2021-11-05T10:45:30.35+01'
4154,'5',20.1,'2021-11-05T11:07:51.166+01'
4155,'5',20.8,'2021-11-05T12:09:30.197+01'
4156,'5',21.1,'2021-11-05T12:57:19.832+01'
4157,'5',21.1,'2021-11-05T13:25:02.52+01'
4158,'5',21.1,'2021-11-05T13:52:55.417+01'
4159,'5',21.1,'2021-11-05T14:13:32.005+01'
4160,'5',21.1,'2021-11-05T14:50:22.999+01'
4161,'5',20.9,'2021-11-05T15:41:19.634+01'
4162,'5',20.9,'2021-11-05T16:04:28.017+01'
4163,'5',20.9,'2021-11-05T16:44:21.555+01'
4164,'5',20.9,'2021-11-05T17:06:03.49+01'
4165,'5',20.8,'2021-11-05T17:50:28.35+01'
4166,'5',20.7,'2021-11-05T18:28:53.271+01'
4167,'5',20.7,'2021-11-05T18:58:35.414+01'
4168,'5',20.6,'2021-11-05T19:33:20.911+01'
4169,'5',20.4,'2021-11-05T20:20:19.136+01'
4170,'5',20.2,'2021-11-05T20:44:41.417+01'
4171,'5',20.1,'2021-11-05T21:12:01.534+01'
4172,'5',20.0,'2021-11-05T21:33:38.823+01'
4173,'5',19.8,'2021-11-05T22:04:16.628+01'
4174,'5',19.5,'2021-11-05T22:43:07.821+01'
4175,'5',19.5,'2021-11-05T23:09:07.201+01'
4176,'5',19.3,'2021-11-05T23:31:37.817+01'
4177,'5',19.1,'2021-11-06T00:10:08.202+01'
4178,'5',19.0,'2021-11-06T00:40:00.904+01'
4179,'5',18.8,'2021-11-06T01:06:48.372+01'
4180,'5',18.7,'2021-11-06T01:29:29.78+01'
4181,'5',18.5,'2021-11-06T01:55:15.58+01'
4182,'5',18.4,'2021-11-06T02:22:29.264+01'
4183,'5',18.1,'2021-11-06T03:14:57.77+01'
4184,'5',18.1,'2021-11-06T03:38:49.805+01'
4185,'5',17.9,'2021-11-06T04:20:01.255+01'
4186,'5',17.7,'2021-11-06T04:46:06.463+01'
4187,'5',17.6,'2021-11-06T05:12:26.147+01'
4188,'5',17.4,'2021-11-06T06:06:28.172+01'
4189,'5',17.3,'2021-11-06T06:29:07.959+01'
4190,'5',17.2,'2021-11-06T06:57:20.18+01'
4191,'5',17.1,'2021-11-06T07:22:41.896+01'
4192,'5',17.1,'2021-11-06T07:44:17.874+01'
4193,'5',17.0,'2021-11-06T08:06:01.534+01'
4194,'5',16.9,'2021-11-06T08:30:36.933+01'
4195,'5',16.9,'2021-11-06T08:57:47.894+01'
4196,'5',16.8,'2021-11-06T09:19:31.544+01'
4197,'5',16.7,'2021-11-06T09:49:28.633+01'
4198,'5',16.7,'2021-11-06T10:19:21.543+01'
4199,'5',16.6,'2021-11-06T11:04:32.452+01'
4200,'5',16.5,'2021-11-06T11:30:01.125+01'
4201,'5',16.4,'2021-11-06T11:55:52.349+01'
4202,'5',16.4,'2021-11-06T12:28:16.029+01'
4203,'5',16.4,'2021-11-06T12:52:13.9+01'
4204,'5',16.4,'2021-11-06T13:25:43.094+01'
4205,'5',16.3,'2021-11-06T14:02:51.301+01'
4206,'5',16.3,'2021-11-06T14:26:34.886+01'
4207,'5',16.3,'2021-11-06T14:50:46.536+01'
4208,'5',16.2,'2021-11-06T15:24:05.026+01'
4209,'5',16.2,'2021-11-06T15:51:51.997+01'
4210,'5',16.2,'2021-11-06T16:19:17.788+01'
4211,'5',16.1,'2021-11-06T16:57:40.352+01'
4212,'5',16.1,'2021-11-06T17:23:24.554+01'
4213,'5',16.0,'2021-11-06T17:47:21.861+01'
4214,'5',16.0,'2021-11-06T18:21:49.15+01'
4215,'5',15.9,'2021-11-06T18:49:09.215+01'
4216,'5',15.9,'2021-11-06T19:14:04.455+01'
4217,'5',15.8,'2021-11-06T19:48:35.276+01'
4218,'5',15.8,'2021-11-06T20:10:53.09+01'
4219,'5',15.8,'2021-11-06T20:41:37.519+01'
4220,'5',15.6,'2021-11-06T21:24:45.184+01'
4221,'5',15.6,'2021-11-06T21:47:53.426+01'
4222,'5',15.6,'2021-11-06T22:14:42.252+01'
4223,'5',15.5,'2021-11-06T22:38:06.336+01'
4224,'5',15.5,'2021-11-06T23:03:47.985+01'
4225,'5',15.7,'2021-11-06T23:25:31.523+01'
4226,'5',15.8,'2021-11-06T23:47:26.287+01'
4227,'5',16.1,'2021-11-07T00:18:34.479+01'
4228,'5',16.4,'2021-11-07T00:44:14.587+01'
4229,'5',16.8,'2021-11-07T01:42:03.243+01'
4230,'5',16.8,'2021-11-07T02:15:12.171+01'
4231,'5',16.7,'2021-11-07T02:40:57.976+01'
4232,'5',16.7,'2021-11-07T03:02:00.339+01'
4233,'5',16.6,'2021-11-07T03:35:37.093+01'
4234,'5',16.5,'2021-11-07T04:10:15.79+01'
4235,'5',16.4,'2021-11-07T04:33:02.74+01'
4236,'5',16.2,'2021-11-07T05:13:08.913+01'
4237,'5',16.2,'2021-11-07T05:35:51.64+01'
4238,'5',16.0,'2021-11-07T06:17:40.814+01'
4239,'5',15.9,'2021-11-07T06:43:29.486+01'
4240,'5',15.9,'2021-11-07T07:05:01.923+01'
4241,'5',15.8,'2021-11-07T07:28:27.178+01'
4242,'5',15.7,'2021-11-07T08:00:32.406+01'
4243,'5',15.7,'2021-11-07T08:34:05.515+01'
4244,'5',15.6,'2021-11-07T09:00:32.841+01'
4245,'5',15.6,'2021-11-07T09:26:43.616+01'
4246,'5',15.5,'2021-11-07T10:06:40.825+01'
4247,'5',15.6,'2021-11-07T10:42:16.559+01'
4248,'5',15.6,'2021-11-07T11:06:43.677+01'
4249,'5',15.8,'2021-11-07T11:36:55.435+01'
4250,'5',15.8,'2021-11-07T12:20:37.481+01'
4251,'5',15.8,'2021-11-07T12:44:52.5+01'
4252,'5',15.9,'2021-11-07T13:05:49.673+01'
4253,'5',15.9,'2021-11-07T13:52:47.056+01'
4254,'5',15.9,'2021-11-07T14:41:40.159+01'
4255,'5',15.9,'2021-11-07T15:07:22.081+01'
4256,'5',15.9,'2021-11-07T15:33:44.065+01'
4257,'5',15.8,'2021-11-07T15:55:04.541+01'
4258,'5',15.8,'2021-11-07T16:19:41.028+01'
4259,'5',15.7,'2021-11-07T16:55:05.988+01'
4260,'5',15.7,'2021-11-07T17:17:21.956+01'
4261,'5',15.7,'2021-11-07T17:44:24.093+01'
4262,'5',15.6,'2021-11-07T18:07:34.04+01'
4263,'5',15.6,'2021-11-07T18:37:18.756+01'
4264,'5',15.5,'2021-11-07T18:59:30.342+01'
4265,'5',15.4,'2021-11-07T19:27:59.441+01'
4266,'5',15.4,'2021-11-07T19:51:58.221+01'
4267,'5',15.3,'2021-11-07T20:38:05.74+01'
4268,'5',15.3,'2021-11-07T21:02:55.169+01'
4269,'5',15.5,'2021-11-07T21:23:50.998+01'
4270,'5',15.6,'2021-11-07T21:47:23.822+01'
4271,'5',16.1,'2021-11-07T22:24:16.327+01'
4272,'5',16.3,'2021-11-07T22:53:50.641+01'
4273,'5',16.5,'2021-11-07T23:56:01.193+01'
4274,'5',16.5,'2021-11-08T00:18:41.291+01'
4275,'5',16.4,'2021-11-08T00:44:53.468+01'
4276,'5',16.3,'2021-11-08T01:15:47.374+01'
4277,'5',16.3,'2021-11-08T01:38:17.295+01'
4278,'5',16.2,'2021-11-08T02:04:50.531+01'
4279,'5',16.0,'2021-11-08T02:30:12.714+01'
4280,'5',16.0,'2021-11-08T02:54:15.368+01'
4281,'5',16.2,'2021-11-08T03:26:58.786+01'
4282,'5',16.4,'2021-11-08T03:52:38.975+01'
4283,'5',16.5,'2021-11-08T04:15:20.549+01'
4284,'5',16.9,'2021-11-08T04:56:10.497+01'
4285,'5',17.0,'2021-11-08T05:19:07.009+01'
4286,'5',17.2,'2021-11-08T05:44:54.359+01'
4287,'5',17.3,'2021-11-08T06:18:03.803+01'
4288,'5',17.5,'2021-11-08T06:52:31.512+01'
4289,'5',17.6,'2021-11-08T07:16:41.7+01'
4290,'5',17.8,'2021-11-08T07:55:25.524+01'
4291,'5',17.8,'2021-11-08T08:24:25.044+01'
4292,'5',18.3,'2021-11-08T09:30:01.391+01'
4293,'5',18.5,'2021-11-08T09:56:58.748+01'
4294,'5',18.7,'2021-11-08T10:21:41.923+01'
4295,'5',19.2,'2021-11-08T10:51:53.183+01'
4296,'5',19.4,'2021-11-08T11:15:21.021+01'
4297,'5',19.9,'2021-11-08T11:46:42.144+01'
4298,'5',20.1,'2021-11-08T12:29:12.651+01'
4299,'5',20.2,'2021-11-08T13:06:27.636+01'
4300,'5',20.1,'2021-11-08T13:31:00.192+01'
4301,'5',20.4,'2021-11-08T14:45:20.782+01'
4302,'5',20.5,'2021-11-08T15:08:40.866+01'
4303,'5',20.5,'2021-11-08T15:33:07.327+01'
4304,'5',20.3,'2021-11-08T16:01:58.476+01'
4305,'5',20.4,'2021-11-08T16:23:05.098+01'
4306,'5',20.5,'2021-11-08T17:08:42.977+01'
4307,'5',20.5,'2021-11-08T17:35:42.811+01'
4308,'5',20.4,'2021-11-08T17:57:02.004+01'
4309,'5',20.2,'2021-11-08T19:16:34.282+01'
4310,'5',20.1,'2021-11-08T19:37:42.113+01'
4311,'5',19.9,'2021-11-08T20:05:32.136+01'
4312,'5',19.7,'2021-11-08T20:27:48.896+01'
4313,'5',19.5,'2021-11-08T21:05:08.723+01'
4314,'5',19.2,'2021-11-08T21:26:50.063+01'
4315,'5',19.1,'2021-11-08T21:54:28.833+01'
4316,'5',18.8,'2021-11-08T22:48:48.272+01'
4317,'5',18.6,'2021-11-08T23:13:06.164+01'
4318,'5',18.4,'2021-11-08T23:39:30.307+01'
4319,'5',18.3,'2021-11-09T00:02:23.294+01'
4320,'5',18.1,'2021-11-09T00:24:44.418+01'
4321,'5',17.9,'2021-11-09T01:01:56.589+01'
4322,'5',17.8,'2021-11-09T01:31:17.444+01'
4323,'5',17.6,'2021-11-09T01:52:44.122+01'
4324,'5',17.5,'2021-11-09T02:19:14.308+01'
4325,'5',17.6,'2021-11-09T03:05:19.088+01'
4326,'5',17.8,'2021-11-09T03:34:39.632+01'
4327,'5',18.0,'2021-11-09T04:03:54.934+01'
4328,'5',18.3,'2021-11-09T04:34:56.888+01'
4329,'5',18.5,'2021-11-09T05:10:21.52+01'
4330,'5',18.7,'2021-11-09T05:34:20.106+01'
4331,'5',18.8,'2021-11-09T06:00:52.07+01'
4332,'5',19.0,'2021-11-09T06:56:06.688+01'
4333,'5',19.1,'2021-11-09T07:37:33.407+01'
4334,'5',19.1,'2021-11-09T08:12:58.948+01'
4335,'5',19.1,'2021-11-09T08:37:45.218+01'
4336,'5',19.1,'2021-11-09T09:01:21.406+01'
4337,'5',19.3,'2021-11-09T09:38:25.803+01'
4338,'5',19.4,'2021-11-09T10:02:56.795+01'
4339,'5',19.5,'2021-11-09T10:30:29.707+01'
4340,'5',19.6,'2021-11-09T11:05:13.786+01'
4341,'5',19.8,'2021-11-09T11:40:27.383+01'
4342,'5',20.0,'2021-11-09T12:08:16.769+01'
4343,'5',20.1,'2021-11-09T12:42:40.554+01'
4344,'5',20.0,'2021-11-09T13:06:41.543+01'
4345,'5',20.0,'2021-11-09T13:31:05.886+01'
4346,'5',20.1,'2021-11-09T14:11:20.753+01'
4347,'5',20.4,'2021-11-09T14:32:16.577+01'
4348,'5',20.6,'2021-11-09T15:04:16.903+01'
4349,'5',20.7,'2021-11-09T15:27:17.29+01'
4350,'5',20.7,'2021-11-09T16:00:43.468+01'
4351,'5',20.7,'2021-11-09T16:21:37.831+01'
4352,'5',21.0,'2021-11-09T16:48:17.362+01'
4353,'5',20.9,'2021-11-09T17:24:11.943+01'
4354,'5',20.7,'2021-11-09T18:13:14.106+01'
4355,'5',20.7,'2021-11-09T18:38:55.092+01'
4356,'5',20.7,'2021-11-09T19:03:05.514+01'
4357,'5',20.5,'2021-11-09T19:30:56.662+01'
4358,'5',20.1,'2021-11-09T20:26:26.191+01'
4359,'5',20.1,'2021-11-09T20:48:56.342+01'
4360,'5',20.0,'2021-11-09T21:10:50.236+01'
4361,'5',19.8,'2021-11-09T21:38:39.844+01'
4362,'5',19.6,'2021-11-09T22:03:52.058+01'
4363,'5',19.4,'2021-11-09T22:26:11.279+01'
4364,'5',19.2,'2021-11-09T22:56:15+01'
4365,'5',19.2,'2021-11-09T23:21:16.73+01'
4366,'5',18.9,'2021-11-09T23:52:31.568+01'
4367,'5',18.8,'2021-11-10T00:34:01.185+01'
4368,'5',18.5,'2021-11-10T01:18:54.436+01'
4369,'5',18.4,'2021-11-10T01:46:36.992+01'
4370,'5',18.3,'2021-11-10T02:07:20.061+01'
4371,'5',18.1,'2021-11-10T02:33:46.308+01'
4372,'5',18.0,'2021-11-10T03:04:38.272+01'
4373,'5',17.9,'2021-11-10T03:32:43.2+01'
4374,'5',18.0,'2021-11-10T04:15:19.321+01'
4375,'5',18.1,'2021-11-10T04:36:20.63+01'
4376,'5',18.3,'2021-11-10T04:57:51.549+01'
4377,'5',18.6,'2021-11-10T05:24:38.152+01'
4378,'5',18.7,'2021-11-10T05:48:33.48+01'
4379,'5',18.8,'2021-11-10T06:20:12.745+01'
4380,'5',19.0,'2021-11-10T06:42:04.89+01'
4381,'5',19.0,'2021-11-10T07:14:23.072+01'
4382,'5',19.0,'2021-11-10T07:41:08.234+01'
4383,'5',19.3,'2021-11-10T08:31:17.249+01'
4384,'5',19.4,'2021-11-10T08:53:22.213+01'
4385,'5',19.5,'2021-11-10T09:17:37.003+01'
4386,'5',19.7,'2021-11-10T09:43:50.839+01'
4387,'5',19.7,'2021-11-10T10:07:12.474+01'
4388,'5',20.3,'2021-11-10T10:32:58.072+01'
4389,'5',20.5,'2021-11-10T10:57:24.799+01'
4390,'5',20.7,'2021-11-10T11:20:21.225+01'
4391,'5',20.9,'2021-11-10T11:45:05.651+01'
4392,'5',21.2,'2021-11-10T12:33:55.233+01'
4393,'5',21.2,'2021-11-10T13:21:09.947+01'
4394,'5',21.2,'2021-11-10T13:45:27.128+01'
4395,'5',21.2,'2021-11-10T14:06:47.18+01'
4396,'5',21.1,'2021-11-10T14:32:26.945+01'
4397,'5',21.1,'2021-11-10T15:08:27.999+01'
4398,'5',21.0,'2021-11-10T15:32:44.721+01'
4399,'5',21.0,'2021-11-10T16:02:42.691+01'
4400,'5',20.9,'2021-11-10T16:25:36.687+01'
4401,'5',20.9,'2021-11-10T16:50:04.389+01'
4402,'5',20.8,'2021-11-10T17:38:52.052+01'
4403,'5',20.8,'2021-11-10T18:02:09.197+01'
4404,'5',20.7,'2021-11-10T18:30:10.446+01'
4405,'5',20.7,'2021-11-10T18:54:18.116+01'
4406,'5',20.6,'2021-11-10T19:17:23.949+01'
4407,'5',20.4,'2021-11-10T19:55:18.898+01'
4408,'5',20.3,'2021-11-10T20:19:14.912+01'
4409,'5',20.2,'2021-11-10T20:46:43.714+01'
4410,'5',20.1,'2021-11-10T21:11:24.585+01'
4411,'5',19.7,'2021-11-10T21:52:50.376+01'
4412,'5',19.6,'2021-11-10T22:14:08.2+01'
4413,'5',19.5,'2021-11-10T22:48:00.337+01'
4414,'5',19.4,'2021-11-10T23:10:32.943+01'
4415,'5',19.3,'2021-11-10T23:33:53.38+01'
4416,'5',19.1,'2021-11-11T00:04:56.633+01'
4417,'5',19.0,'2021-11-11T00:33:36.337+01'
4418,'5',18.9,'2021-11-11T00:58:23.973+01'
4419,'5',18.8,'2021-11-11T01:23:25.748+01'
4420,'5',18.6,'2021-11-11T01:55:47.846+01'
4421,'5',18.6,'2021-11-11T02:39:34.94+01'
4422,'5',18.6,'2021-11-11T03:09:58.384+01'
4423,'5',19.0,'2021-11-11T03:37:26.336+01'
4424,'5',19.2,'2021-11-11T04:00:44.177+01'
4425,'5',19.4,'2021-11-11T04:33:50.932+01'
4426,'5',19.6,'2021-11-11T04:56:19.778+01'
4427,'5',19.8,'2021-11-11T05:54:57.449+01'
4428,'5',19.9,'2021-11-11T06:35:51.529+01'
4429,'5',20.0,'2021-11-11T06:57:58.799+01'
4430,'5',20.1,'2021-11-11T07:26:41.759+01'
4431,'5',20.1,'2021-11-11T07:50:20.138+01'
4432,'5',20.1,'2021-11-11T08:12:33.888+01'
4433,'5',20.2,'2021-11-11T08:47:35.234+01'
4434,'5',20.2,'2021-11-11T09:17:28.079+01'
4435,'5',20.2,'2021-11-11T09:40:06.986+01'
4436,'5',20.3,'2021-11-11T10:08:44.962+01'
4437,'5',20.3,'2021-11-11T10:51:05.696+01'
4438,'5',20.3,'2021-11-11T11:14:57.071+01'
4439,'5',20.4,'2021-11-11T12:10:12.053+01'
4440,'5',20.4,'2021-11-11T12:37:52.775+01'
4441,'5',20.5,'2021-11-11T13:01:45.301+01'
4442,'5',20.5,'2021-11-11T13:45:13.468+01'
4443,'5',20.5,'2021-11-11T14:11:25.051+01'
4444,'5',20.6,'2021-11-11T14:34:28.757+01'
4445,'5',20.5,'2021-11-11T15:23:43.608+01'
4446,'5',20.5,'2021-11-11T15:45:57.312+01'
4447,'5',20.6,'2021-11-11T16:16:03.997+01'
4448,'5',20.6,'2021-11-11T16:41:24.091+01'
4449,'5',20.6,'2021-11-11T17:07:15.295+01'
4450,'5',20.6,'2021-11-11T17:37:41.32+01'
4451,'5',20.5,'2021-11-11T18:55:56.903+01'
4452,'5',20.3,'2021-11-11T19:25:16.56+01'
4453,'5',20.3,'2021-11-11T19:48:45.953+01'
4454,'5',20.1,'2021-11-11T20:12:00.578+01'
4455,'5',20.0,'2021-11-11T20:33:57.204+01'
4456,'5',19.9,'2021-11-11T20:55:13.799+01'
4457,'5',19.8,'2021-11-11T21:20:02.97+01'
4458,'5',19.6,'2021-11-11T21:43:37.647+01'
4459,'5',19.6,'2021-11-11T22:10:41.058+01'
4460,'5',19.4,'2021-11-11T22:33:24.389+01'
4461,'5',19.3,'2021-11-11T22:56:09.541+01'
4462,'5',19.2,'2021-11-11T23:24:00.711+01'
4463,'5',19.1,'2021-11-11T23:49:51.885+01'
4464,'5',19.0,'2021-11-12T00:14:52.142+01'
4465,'5',18.9,'2021-11-12T00:39:59.6+01'
4466,'5',18.6,'2021-11-12T01:43:04.81+01'
4467,'5',18.5,'2021-11-12T02:08:32.183+01'
4468,'5',18.5,'2021-11-12T02:43:05.89+01'
4469,'5',18.6,'2021-11-12T03:06:31.301+01'
4470,'5',18.9,'2021-11-12T03:29:04.889+01'
4471,'5',19.1,'2021-11-12T03:55:35.836+01'
4472,'5',19.2,'2021-11-12T04:18:08.539+01'
4473,'5',19.4,'2021-11-12T04:46:30.059+01'
4474,'5',19.5,'2021-11-12T05:10:18.139+01'
4475,'5',19.6,'2021-11-12T05:36:08.268+01'
4476,'5',19.8,'2021-11-12T06:19:06.23+01'
4477,'5',19.9,'2021-11-12T06:42:37.313+01'
4478,'5',19.9,'2021-11-12T07:19:45.898+01'
4479,'5',19.8,'2021-11-12T07:43:41.407+01'
4480,'5',19.8,'2021-11-12T08:23:22.629+01'
4481,'5',19.9,'2021-11-12T08:53:17.749+01'
4482,'5',20.0,'2021-11-12T09:18:31.199+01'
4483,'5',20.2,'2021-11-12T09:47:56.49+01'
4484,'5',19.9,'2021-11-12T10:23:00.937+01'
4485,'5',20.1,'2021-11-12T11:15:31.83+01'
4486,'5',20.3,'2021-11-12T11:41:01.379+01'
4487,'5',20.5,'2021-11-12T12:03:44.651+01'
4488,'5',20.6,'2021-11-12T12:29:01.548+01'
4489,'5',20.6,'2021-11-12T12:53:35.208+01'
4490,'5',20.6,'2021-11-12T13:22:14.313+01'
4491,'5',20.7,'2021-11-12T13:52:54.287+01'
4492,'5',20.8,'2021-11-12T14:17:49.735+01'
4493,'5',21.0,'2021-11-12T14:43:29.265+01'
4494,'5',21.2,'2021-11-12T15:14:20.107+01'
4495,'5',21.3,'2021-11-12T15:38:16.067+01'
4496,'5',21.2,'2021-11-12T15:59:43.11+01'
4497,'5',21.2,'2021-11-12T16:25:29.977+01'
4498,'5',21.3,'2021-11-12T16:51:07.5+01'
4499,'5',21.3,'2021-11-12T17:14:01.038+01'
4500,'5',21.2,'2021-11-12T17:38:06.501+01'
4501,'5',21.2,'2021-11-12T18:03:20.84+01'
4502,'5',21.1,'2021-11-12T18:26:13.265+01'
4503,'5',20.9,'2021-11-12T19:17:42.002+01'
4504,'5',20.9,'2021-11-12T19:38:53.805+01'
4505,'5',20.8,'2021-11-12T20:00:14.087+01'
4506,'5',20.5,'2021-11-12T20:23:46.088+01'
4507,'5',20.5,'2021-11-12T20:48:41.017+01'
4508,'5',20.2,'2021-11-12T21:17:50.428+01'
4509,'5',20.0,'2021-11-12T21:47:18.883+01'
4510,'5',19.9,'2021-11-12T22:19:57.863+01'
4511,'5',19.7,'2021-11-12T22:44:58.615+01'
4512,'5',19.6,'2021-11-12T23:11:37.906+01'
4513,'5',19.5,'2021-11-12T23:41:24.841+01'
4514,'5',19.3,'2021-11-13T00:06:05.15+01'
4515,'5',19.2,'2021-11-13T00:36:16.628+01'
4516,'5',19.0,'2021-11-13T01:13:49.577+01'
4517,'5',18.9,'2021-11-13T01:41:00.925+01'
4518,'5',18.9,'2021-11-13T02:06:59.479+01'
4519,'5',18.8,'2021-11-13T02:29:48.816+01'
4520,'5',18.7,'2021-11-13T02:53:21.474+01'
4521,'5',18.6,'2021-11-13T03:16:16.477+01'
4522,'5',18.6,'2021-11-13T03:40:05.145+01'
4523,'5',18.5,'2021-11-13T04:06:37.689+01'
4524,'5',18.4,'2021-11-13T04:29:50.102+01'
4525,'5',18.3,'2021-11-13T04:52:20.33+01'
4526,'5',18.3,'2021-11-13T05:16:09.506+01'
4527,'5',18.2,'2021-11-13T05:41:57.706+01'
4528,'5',18.2,'2021-11-13T06:09:57.738+01'
4529,'5',18.1,'2021-11-13T06:36:20.616+01'
4530,'5',18.0,'2021-11-13T07:03:20.368+01'
4531,'5',18.0,'2021-11-13T07:34:00.837+01'
4532,'5',17.9,'2021-11-13T07:56:12.26+01'
4533,'5',17.9,'2021-11-13T08:20:48.626+01'
4534,'5',17.8,'2021-11-13T08:44:50.643+01'
4535,'5',17.8,'2021-11-13T09:10:23.427+01'
4536,'5',17.7,'2021-11-13T09:33:36.56+01'
4537,'5',17.7,'2021-11-13T10:02:24.639+01'
4538,'5',17.7,'2021-11-13T10:31:54.248+01'
4539,'5',17.6,'2021-11-13T11:07:27.527+01'
4540,'5',17.6,'2021-11-13T11:37:15.798+01'
4541,'5',17.6,'2021-11-13T12:01:15.977+01'
4542,'5',17.5,'2021-11-13T12:29:08.736+01'
4543,'5',17.5,'2021-11-13T12:53:31.955+01'
4544,'5',17.5,'2021-11-13T13:17:52.741+01'
4545,'5',17.4,'2021-11-13T13:41:43.247+01'
4546,'5',17.4,'2021-11-13T14:05:59.223+01'
4547,'5',17.4,'2021-11-13T14:29:33.858+01'
4548,'5',17.4,'2021-11-13T15:08:39.445+01'
4549,'5',17.4,'2021-11-13T15:31:35.462+01'
4550,'5',17.4,'2021-11-13T15:55:04.674+01'
4551,'5',17.3,'2021-11-13T16:24:50.84+01'
4552,'5',17.3,'2021-11-13T16:57:44.79+01'
4553,'5',17.2,'2021-11-13T17:22:07.734+01'
4554,'5',17.2,'2021-11-13T17:46:05.511+01'
4555,'5',17.2,'2021-11-13T18:09:52.545+01'
4556,'5',17.1,'2021-11-13T18:36:28.782+01'
4557,'5',17.1,'2021-11-13T19:04:24.985+01'
4558,'5',17.0,'2021-11-13T19:29:24.016+01'
4559,'5',17.0,'2021-11-13T19:52:06.679+01'
4560,'5',16.9,'2021-11-13T20:18:03.707+01'
4561,'5',16.9,'2021-11-13T20:48:10.416+01'
4562,'5',16.8,'2021-11-13T21:22:17.051+01'
4563,'5',16.7,'2021-11-13T21:56:28.469+01'
4564,'5',16.7,'2021-11-13T22:21:26.756+01'
4565,'5',16.7,'2021-11-13T22:48:58.409+01'
4566,'5',16.6,'2021-11-13T23:12:28.598+01'
4567,'5',16.6,'2021-11-13T23:35:29.472+01'
4568,'5',16.5,'2021-11-13T23:58:47.642+01'
4569,'5',16.5,'2021-11-14T00:22:29.914+01'
4570,'5',16.4,'2021-11-14T00:44:57.638+01'
4571,'5',16.4,'2021-11-14T01:07:39.417+01'
4572,'5',16.4,'2021-11-14T01:34:05.804+01'
4573,'5',16.3,'2021-11-14T02:02:43.332+01'
4574,'5',16.2,'2021-11-14T02:25:32.79+01'
4575,'5',16.2,'2021-11-14T02:50:42.452+01'
4576,'5',16.1,'2021-11-14T03:15:53.854+01'
4577,'5',16.1,'2021-11-14T03:39:33.378+01'
4578,'5',16.1,'2021-11-14T04:17:56.662+01'
4579,'5',16.0,'2021-11-14T04:39:50.501+01'
4580,'5',16.0,'2021-11-14T05:02:32.957+01'
4581,'5',15.9,'2021-11-14T05:33:21.963+01'
4582,'5',15.9,'2021-11-14T05:55:54.676+01'
4583,'5',15.9,'2021-11-14T06:19:07.804+01'
4584,'5',15.8,'2021-11-14T06:42:45.146+01'
4585,'5',15.8,'2021-11-14T07:19:39.428+01'
4586,'5',15.7,'2021-11-14T07:42:57.352+01'
4587,'5',15.7,'2021-11-14T08:06:06.526+01'
4588,'5',15.7,'2021-11-14T08:32:33.849+01'
4589,'5',15.6,'2021-11-14T08:57:56.596+01'
4590,'5',15.6,'2021-11-14T09:23:04.06+01'
4591,'5',15.6,'2021-11-14T09:49:01.161+01'
4592,'5',15.5,'2021-11-14T10:34:50.973+01'
4593,'5',15.5,'2021-11-14T10:57:28.84+01'
4594,'5',15.5,'2021-11-14T11:27:51.312+01'
4595,'5',15.5,'2021-11-14T11:50:15.012+01'
4596,'5',15.5,'2021-11-14T12:13:52.418+01'
4597,'5',15.5,'2021-11-14T12:44:53.809+01'
4598,'5',15.5,'2021-11-14T13:07:14.154+01'
4599,'5',15.4,'2021-11-14T13:52:22.352+01'
4600,'5',15.5,'2021-11-14T14:16:50.394+01'
4601,'5',15.7,'2021-11-14T14:40:30.401+01'
4602,'5',16.4,'2021-11-14T15:14:46.739+01'
4603,'5',16.9,'2021-11-14T15:48:02.972+01'
4604,'5',17.1,'2021-11-14T16:17:31.041+01'
4605,'5',17.2,'2021-11-14T16:44:59.305+01'
4606,'5',17.2,'2021-11-14T17:13:03.735+01'
4607,'5',17.2,'2021-11-14T17:37:21.248+01'
4608,'5',17.1,'2021-11-14T18:00:20.691+01'
4609,'5',17.0,'2021-11-14T18:36:17.39+01'
4610,'5',16.9,'2021-11-14T19:03:14.141+01'
4611,'5',16.8,'2021-11-14T19:27:43.784+01'
4612,'5',16.7,'2021-11-14T19:50:59.329+01'
4613,'5',16.6,'2021-11-14T20:17:18.053+01'
4614,'5',16.5,'2021-11-14T20:41:05.828+01'
4615,'5',16.3,'2021-11-14T21:14:17.051+01'
4616,'5',16.2,'2021-11-14T21:40:52.682+01'
4617,'5',16.1,'2021-11-14T22:04:53.702+01'
4618,'5',16.0,'2021-11-14T22:29:16.862+01'
4619,'5',15.9,'2021-11-14T22:52:36.197+01'
4620,'5',15.9,'2021-11-14T23:15:42.046+01'
4621,'5',15.8,'2021-11-14T23:46:05.294+01'
4622,'5',15.7,'2021-11-15T00:11:45.413+01'
4623,'5',15.7,'2021-11-15T00:34:55.977+01'
4624,'5',15.6,'2021-11-15T01:00:05.329+01'
4625,'5',15.5,'2021-11-15T01:27:04.544+01'
4626,'5',15.4,'2021-11-15T01:55:37.789+01'
4627,'5',15.4,'2021-11-15T02:19:04.81+01'
4628,'5',15.5,'2021-11-15T02:49:56.211+01'
4629,'5',15.8,'2021-11-15T03:15:41.303+01'
4630,'5',16.2,'2021-11-15T03:44:41.457+01'
4631,'5',16.4,'2021-11-15T04:09:21.426+01'
4632,'5',16.7,'2021-11-15T04:39:10.928+01'
4633,'5',17.2,'2021-11-15T05:20:47.777+01'
4634,'5',17.4,'2021-11-15T05:51:10.917+01'
4635,'5',17.7,'2021-11-15T06:25:17.485+01'
4636,'5',17.9,'2021-11-15T06:53:34.6+01'
4637,'5',17.9,'2021-11-15T07:23:50.808+01'
4638,'5',18.0,'2021-11-15T07:54:33.361+01'
4639,'5',18.0,'2021-11-15T08:24:36.92+01'
4640,'5',18.1,'2021-11-15T08:49:21.021+01'
4641,'5',18.3,'2021-11-15T09:20:33.975+01'
4642,'5',18.6,'2021-11-15T09:46:39.248+01'
4643,'5',19.0,'2021-11-15T10:13:31.318+01'
4644,'5',19.1,'2021-11-15T10:38:26.736+01'
4645,'5',19.2,'2021-11-15T11:01:56.307+01'
4646,'5',19.7,'2021-11-15T11:24:03.281+01'
4647,'5',19.9,'2021-11-15T11:48:43.964+01'
4648,'5',19.8,'2021-11-15T12:11:18.548+01'
4649,'5',19.7,'2021-11-15T12:33:36.799+01'
4650,'5',19.6,'2021-11-15T12:56:34.438+01'
4651,'5',19.7,'2021-11-15T13:21:46.529+01'
4652,'5',19.8,'2021-11-15T13:45:54.192+01'
4653,'5',20.1,'2021-11-15T14:16:29.773+01'
4654,'5',20.5,'2021-11-15T14:45:08.505+01'
4655,'5',20.6,'2021-11-15T15:18:05.95+01'
4656,'5',20.8,'2021-11-15T15:46:22.879+01'
4657,'5',20.7,'2021-11-15T16:10:34.325+01'
4658,'5',20.9,'2021-11-15T16:31:36.082+01'
4659,'5',20.9,'2021-11-15T17:01:23.734+01'
4660,'5',20.7,'2021-11-15T17:25:56.053+01'
4661,'5',20.7,'2021-11-15T17:53:55.543+01'
4662,'5',20.7,'2021-11-15T18:18:24.011+01'
4663,'5',20.5,'2021-11-15T18:46:47.913+01'
4664,'5',20.4,'2021-11-15T19:13:31.668+01'
4665,'5',20.3,'2021-11-15T19:41:30.818+01'
4666,'5',20.0,'2021-11-15T20:11:14.926+01'
4667,'5',19.5,'2021-11-15T20:52:56.613+01'
4668,'5',19.4,'2021-11-15T21:16:04.759+01'
4669,'5',19.2,'2021-11-15T21:45:40.034+01'
4670,'5',18.8,'2021-11-15T22:24:15.048+01'
4671,'5',18.7,'2021-11-15T22:52:29.771+01'
4672,'5',18.4,'2021-11-15T23:23:17.062+01'
4673,'5',18.3,'2021-11-15T23:45:57.264+01'
4674,'5',18.2,'2021-11-16T00:13:50.798+01'
4675,'5',18.0,'2021-11-16T00:50:59.26+01'
4676,'5',17.8,'2021-11-16T01:13:36.472+01'
4677,'5',17.8,'2021-11-16T01:40:53.843+01'
4678,'5',17.6,'2021-11-16T02:08:37.056+01'
4679,'5',17.6,'2021-11-16T02:42:29.225+01'
4680,'5',17.7,'2021-11-16T03:05:48.491+01'
4681,'5',17.9,'2021-11-16T03:34:32.311+01'
4682,'5',18.2,'2021-11-16T04:01:53.234+01'
4683,'5',18.4,'2021-11-16T04:24:30.073+01'
4684,'5',18.5,'2021-11-16T04:46:16.077+01'
4685,'5',18.5,'2021-11-16T05:07:55.975+01'
4686,'5',18.9,'2021-11-16T05:39:41.001+01'
4687,'5',19.1,'2021-11-16T06:06:20.356+01'
4688,'5',19.2,'2021-11-16T06:34:52.338+01'
4689,'5',19.3,'2021-11-16T06:58:14.353+01'
4690,'5',19.4,'2021-11-16T07:31:11.033+01'
4691,'5',19.4,'2021-11-16T07:56:36.325+01'
4692,'5',19.4,'2021-11-16T08:23:25.637+01'
4693,'5',19.5,'2021-11-16T08:46:47.469+01'
4694,'5',19.6,'2021-11-16T09:08:06.064+01'
4695,'5',19.8,'2021-11-16T09:31:28.451+01'
4696,'5',20.0,'2021-11-16T09:58:50.928+01'
4697,'5',20.2,'2021-11-16T10:50:56.281+01'
4698,'5',20.2,'2021-11-16T11:15:30.586+01'
4699,'5',20.5,'2021-11-16T11:42:15.173+01'
4700,'5',20.3,'2021-11-16T12:16:17.198+01'
4701,'5',20.2,'2021-11-16T12:42:22.125+01'
4702,'5',20.2,'2021-11-16T13:05:45.183+01'
4703,'5',20.2,'2021-11-16T13:30:21.944+01'
4704,'5',20.1,'2021-11-16T14:06:21.016+01'
4705,'5',20.6,'2021-11-16T14:49:57.642+01'
4706,'5',20.9,'2021-11-16T15:16:57.258+01'
4707,'5',20.9,'2021-11-16T15:51:29.425+01'
4708,'5',21.2,'2021-11-16T16:21:00.355+01'
4709,'5',21.7,'2021-11-16T16:42:45.05+01'
4710,'5',21.7,'2021-11-16T17:18:12.207+01'
4711,'5',21.7,'2021-11-16T17:40:47.43+01'
4712,'5',21.8,'2021-11-16T18:19:41.83+01'
4713,'5',21.4,'2021-11-16T18:53:46.001+01'
4714,'5',21.3,'2021-11-16T19:19:01.054+01'
4715,'5',20.9,'2021-11-16T19:45:50.498+01'
4716,'5',20.6,'2021-11-16T20:12:47.4+01'
4717,'5',20.5,'2021-11-16T20:36:16.674+01'
4718,'5',20.2,'2021-11-16T21:03:12.977+01'
4719,'5',19.9,'2021-11-16T21:26:07.991+01'
4720,'5',19.7,'2021-11-16T21:56:13.718+01'
4721,'5',19.5,'2021-11-16T22:20:14.304+01'
4722,'5',19.3,'2021-11-16T22:44:48.569+01'
4723,'5',19.1,'2021-11-16T23:11:54.489+01'
4724,'5',19.0,'2021-11-16T23:36:20.674+01'
4725,'5',18.8,'2021-11-17T00:00:07.858+01'
4726,'5',18.7,'2021-11-17T00:32:33.643+01'
4727,'5',18.5,'2021-11-17T00:56:59.997+01'
4728,'5',18.3,'2021-11-17T01:21:54.019+01'
4729,'5',18.2,'2021-11-17T01:48:25.416+01'
4730,'5',18.1,'2021-11-17T02:16:56.547+01'
4731,'5',18.0,'2021-11-17T02:48:44.66+01'
4732,'5',17.9,'2021-11-17T03:11:28.059+01'
4733,'5',18.1,'2021-11-17T03:43:36.365+01'
4734,'5',18.4,'2021-11-17T04:07:41.592+01'
4735,'5',19.0,'2021-11-17T04:43:26.217+01'
4736,'5',19.2,'2021-11-17T05:05:40.96+01'
4737,'5',19.6,'2021-11-17T05:31:12.133+01'
4738,'5',19.9,'2021-11-17T05:54:35.274+01'
4739,'5',20.1,'2021-11-17T06:18:37.991+01'
4740,'5',20.2,'2021-11-17T06:44:57.641+01'
4741,'5',20.3,'2021-11-17T07:11:50.764+01'
4742,'5',20.4,'2021-11-17T07:41:40.189+01'
4743,'5',20.5,'2021-11-17T08:17:44.439+01'
4744,'5',20.6,'2021-11-17T08:51:38.77+01'
4745,'5',20.7,'2021-11-17T09:23:33.197+01'
4746,'5',20.8,'2021-11-17T09:53:52.827+01'
4747,'5',20.8,'2021-11-17T10:23:10.982+01'
4748,'5',20.8,'2021-11-17T10:48:46.451+01'
4749,'5',20.9,'2021-11-17T11:17:06.138+01'
4750,'5',20.9,'2021-11-17T11:40:08.164+01'
4751,'5',20.8,'2021-11-17T12:04:26.379+01'
4752,'5',20.9,'2021-11-17T12:28:15.297+01'
4753,'5',20.9,'2021-11-17T12:54:38.233+01'
4754,'5',20.9,'2021-11-17T13:17:52.97+01'
4755,'5',21.0,'2021-11-17T13:41:36.923+01'
4756,'5',21.1,'2021-11-17T14:04:31.934+01'
4757,'5',21.1,'2021-11-17T14:27:25.169+01'
4758,'5',21.1,'2021-11-17T14:55:03.422+01'
4759,'5',21.1,'2021-11-17T15:30:25.594+01'
4760,'5',21.2,'2021-11-17T15:54:49.992+01'
4761,'5',21.2,'2021-11-17T16:19:54.044+01'
4762,'5',21.3,'2021-11-17T16:42:54.802+01'
4763,'5',21.3,'2021-11-17T17:09:22.918+01'
4764,'5',21.3,'2021-11-17T17:32:07.838+01'
4765,'5',21.4,'2021-11-17T17:55:35.82+01'
4766,'5',21.3,'2021-11-17T18:27:43.564+01'
4767,'5',21.2,'2021-11-17T18:50:19.476+01'
4768,'5',21.0,'2021-11-17T19:19:12.85+01'
4769,'5',20.7,'2021-11-17T19:47:30.479+01'
4770,'5',20.5,'2021-11-17T20:17:12.649+01'
4771,'5',20.1,'2021-11-17T20:53:08.217+01'
4772,'5',20.0,'2021-11-17T21:15:19.013+01'
4773,'5',19.9,'2021-11-17T21:37:01.017+01'
4774,'5',19.7,'2021-11-17T22:00:28.428+01'
4775,'5',19.5,'2021-11-17T22:34:55.462+01'
4776,'5',19.3,'2021-11-17T23:03:03.91+01'
4777,'5',19.2,'2021-11-17T23:26:32.551+01'
4778,'5',19.1,'2021-11-17T23:50:39.854+01'
4779,'5',18.9,'2021-11-18T00:14:09.184+01'
4780,'5',18.8,'2021-11-18T00:48:53.991+01'
4781,'5',18.8,'2021-11-18T01:11:31.02+01'
4782,'5',18.6,'2021-11-18T01:39:58.616+01'
4783,'5',18.3,'2021-11-18T02:18:12.063+01'
4784,'5',19.0,'2021-11-18T02:53:59.073+01'
4785,'5',19.5,'2021-11-18T03:25:54.26+01'
4786,'5',19.6,'2021-11-18T03:48:37.901+01'
4787,'5',20.0,'2021-11-18T04:15:12.012+01'
4788,'5',20.3,'2021-11-18T04:43:23.75+01'
4789,'5',20.4,'2021-11-18T05:10:53.697+01'
4790,'5',20.7,'2021-11-18T05:42:09.354+01'
4791,'5',20.8,'2021-11-18T06:12:14.055+01'
4792,'5',20.9,'2021-11-18T06:42:18.88+01'
4793,'5',20.9,'2021-11-18T07:04:52.143+01'
4794,'5',20.6,'2021-11-18T07:27:37.536+01'
4795,'5',20.4,'2021-11-18T07:54:37.637+01'
4796,'5',20.4,'2021-11-18T08:23:42.89+01'
4797,'5',20.4,'2021-11-18T08:54:05.184+01'
4798,'5',20.7,'2021-11-18T09:17:08.66+01'
4799,'5',21.1,'2021-11-18T09:40:11.726+01'
4800,'5',21.6,'2021-11-18T10:04:55.587+01'
4801,'5',22.0,'2021-11-18T10:27:42.175+01'
4802,'5',22.0,'2021-11-18T10:50:24.413+01'
4803,'5',22.3,'2021-11-18T11:24:34.578+01'
4804,'5',22.5,'2021-11-18T11:47:31.345+01'
4805,'5',22.4,'2021-11-18T12:10:50.478+01'
4806,'5',22.0,'2021-11-18T12:33:29.844+01'
4807,'5',21.9,'2021-11-18T12:57:57.416+01'
4808,'5',21.9,'2021-11-18T13:29:10.397+01'
4809,'5',22.1,'2021-11-18T13:59:17.631+01'
4810,'5',22.4,'2021-11-18T14:22:08.07+01'
4811,'5',22.5,'2021-11-18T14:48:34.522+01'
4812,'5',22.6,'2021-11-18T15:11:16.018+01'
4813,'5',22.7,'2021-11-18T15:40:33.963+01'
4814,'5',22.3,'2021-11-18T16:06:16.382+01'
4815,'5',22.5,'2021-11-18T16:35:37.392+01'
4816,'5',22.6,'2021-11-18T17:06:21.12+01'
4817,'5',22.6,'2021-11-18T17:33:24.836+01'
4818,'5',22.5,'2021-11-18T18:12:21.369+01'
4819,'5',22.4,'2021-11-18T18:36:19.026+01'
4820,'5',22.2,'2021-11-18T19:04:01.619+01'
4821,'5',22.0,'2021-11-18T19:29:33.951+01'
4822,'5',21.7,'2021-11-18T19:55:02.699+01'
4823,'5',21.5,'2021-11-18T20:27:30.322+01'
4824,'5',21.3,'2021-11-18T20:54:36.952+01'
4825,'5',21.1,'2021-11-18T21:22:16.275+01'
4826,'5',21.1,'2021-11-18T21:47:04.066+01'
4827,'5',20.8,'2021-11-18T22:16:45.332+01'
4828,'5',20.6,'2021-11-18T22:48:18.574+01'
4829,'5',20.4,'2021-11-18T23:15:01.318+01'
4830,'5',20.3,'2021-11-18T23:41:13.882+01'
4831,'5',20.2,'2021-11-19T00:08:26.341+01'
4832,'5',20.1,'2021-11-19T00:34:56.224+01'
4833,'5',19.9,'2021-11-19T00:57:26.838+01'
4834,'5',19.8,'2021-11-19T01:27:46.143+01'
4835,'5',19.7,'2021-11-19T01:54:27.666+01'
4836,'5',19.6,'2021-11-19T02:20:55.754+01'
4837,'5',19.9,'2021-11-19T02:49:17.505+01'
4838,'5',20.4,'2021-11-19T03:14:55.035+01'
4839,'5',20.7,'2021-11-19T03:43:42.478+01'
4840,'5',20.8,'2021-11-19T04:05:38.794+01'
4841,'5',21.0,'2021-11-19T04:31:25.784+01'
4842,'5',21.2,'2021-11-19T04:54:10.653+01'
4843,'5',21.2,'2021-11-19T05:20:46.245+01'
4844,'5',21.3,'2021-11-19T05:44:47.217+01'
4845,'5',21.4,'2021-11-19T06:12:19.625+01'
4846,'5',21.4,'2021-11-19T06:36:08.972+01'
4847,'5',21.5,'2021-11-19T07:04:49.562+01'
4848,'5',21.5,'2021-11-19T07:27:33.053+01'
4849,'5',21.5,'2021-11-19T07:54:34.068+01'
4850,'5',21.5,'2021-11-19T08:25:05.064+01'
4851,'5',21.5,'2021-11-19T08:49:36.428+01'
4852,'5',21.6,'2021-11-19T09:11:52.788+01'
4853,'5',21.6,'2021-11-19T09:41:01.851+01'
4854,'5',21.6,'2021-11-19T10:07:41.857+01'
4855,'5',21.7,'2021-11-19T10:30:10.112+01'
4856,'5',21.7,'2021-11-19T11:01:05.745+01'
4857,'5',21.8,'2021-11-19T11:30:23.65+01'
4858,'5',22.0,'2021-11-19T12:03:32.282+01'
4859,'5',22.0,'2021-11-19T12:28:53.007+01'
4860,'5',22.0,'2021-11-19T13:08:53.311+01'
4861,'5',22.0,'2021-11-19T13:29:39.844+01'
4862,'5',22.1,'2021-11-19T13:54:57.094+01'
4863,'5',22.1,'2021-11-19T14:17:53.201+01'
4864,'5',22.1,'2021-11-19T14:49:35.315+01'
4865,'5',22.1,'2021-11-19T15:13:19.565+01'
4866,'5',22.2,'2021-11-19T15:38:07.715+01'
4867,'5',22.0,'2021-11-19T16:04:54.756+01'
4868,'5',22.1,'2021-11-19T16:27:44.103+01'
4869,'5',22.3,'2021-11-19T16:54:53.72+01'
4870,'5',22.3,'2021-11-19T17:24:01.474+01'
4871,'5',22.2,'2021-11-19T17:56:56.436+01'
4872,'5',22.2,'2021-11-19T18:19:36.901+01'
4873,'5',22.2,'2021-11-19T18:40:15.716+01'
4874,'5',22.0,'2021-11-19T19:05:07.087+01'
4875,'5',21.8,'2021-11-19T19:35:17.593+01'
4876,'5',21.6,'2021-11-19T20:02:02.09+01'
4877,'5',21.5,'2021-11-19T20:41:36.328+01'
4878,'5',21.3,'2021-11-19T21:08:54.249+01'
4879,'5',21.0,'2021-11-19T21:42:01.656+01'
4880,'5',20.9,'2021-11-19T22:06:14.046+01'
4881,'5',20.7,'2021-11-19T22:32:55.424+01'
4882,'5',20.6,'2021-11-19T22:58:06.241+01'
4883,'5',20.4,'2021-11-19T23:26:38.174+01'
4884,'5',20.3,'2021-11-20T00:08:13.433+01'
4885,'5',20.2,'2021-11-20T00:36:19.552+01'
4886,'5',20.1,'2021-11-20T00:59:28.994+01'
4887,'5',19.9,'2021-11-20T01:21:56.426+01'
4888,'5',19.9,'2021-11-20T01:46:30.874+01'
4889,'5',19.8,'2021-11-20T02:11:56.53+01'
4890,'5',19.7,'2021-11-20T02:38:43.898+01'
4891,'5',19.7,'2021-11-20T03:06:53.874+01'
4892,'5',19.5,'2021-11-20T03:29:52.925+01'
4893,'5',19.5,'2021-11-20T03:52:43.02+01'
4894,'5',19.3,'2021-11-20T04:23:54.532+01'
4895,'5',19.3,'2021-11-20T04:47:39.463+01'
4896,'5',19.2,'2021-11-20T05:18:57.339+01'
4897,'5',19.1,'2021-11-20T05:44:51.897+01'
4898,'5',19.0,'2021-11-20T06:12:07.815+01'
4899,'5',19.0,'2021-11-20T06:35:37.033+01'
4900,'5',18.9,'2021-11-20T07:06:51.753+01'
4901,'5',18.8,'2021-11-20T07:28:03.049+01'
4902,'5',18.7,'2021-11-20T07:52:19.245+01'
4903,'5',18.7,'2021-11-20T08:15:33.306+01'
4904,'5',18.7,'2021-11-20T08:38:18.425+01'
4905,'5',18.6,'2021-11-20T09:03:32.144+01'
4906,'5',18.5,'2021-11-20T09:30:36.385+01'
4907,'5',18.4,'2021-11-20T10:05:48.203+01'
4908,'5',18.3,'2021-11-20T10:28:54.06+01'
4909,'5',18.3,'2021-11-20T10:55:27.265+01'
4910,'5',18.2,'2021-11-20T11:37:15.121+01'
4911,'5',18.1,'2021-11-20T12:07:48.574+01'
4912,'5',18.1,'2021-11-20T12:31:18.574+01'
4913,'5',18.0,'2021-11-20T13:01:30.117+01'
4914,'5',17.9,'2021-11-20T13:24:55.81+01'
4915,'5',18.0,'2021-11-20T13:49:50.695+01'
4916,'5',17.9,'2021-11-20T14:40:48.933+01'
4917,'5',17.8,'2021-11-20T15:12:47.076+01'
4918,'5',17.8,'2021-11-20T15:39:57.906+01'
4919,'5',17.7,'2021-11-20T16:08:42.252+01'
4920,'5',17.7,'2021-11-20T16:34:41.144+01'
4921,'5',17.6,'2021-11-20T17:03:53.215+01'
4922,'5',17.6,'2021-11-20T17:31:18.009+01'
4923,'5',17.5,'2021-11-20T17:57:02.308+01'
4924,'5',17.4,'2021-11-20T18:28:39.067+01'
4925,'5',17.3,'2021-11-20T18:52:28.651+01'
4926,'5',17.3,'2021-11-20T19:15:56.996+01'
4927,'5',17.2,'2021-11-20T19:38:54.568+01'
4928,'5',17.2,'2021-11-20T20:09:32.031+01'
4929,'5',17.1,'2021-11-20T20:48:01.102+01'
4930,'5',17.0,'2021-11-20T21:12:21.134+01'
4931,'5',17.0,'2021-11-20T21:38:24.976+01'
4932,'5',16.9,'2021-11-20T22:02:14.101+01'
4933,'5',16.8,'2021-11-20T22:37:58.027+01'
4934,'5',16.7,'2021-11-20T23:02:17.471+01'
4935,'5',16.7,'2021-11-20T23:25:16.492+01'
4936,'5',16.6,'2021-11-20T23:47:23.525+01'
4937,'5',16.6,'2021-11-21T00:09:26.289+01'
4938,'5',16.5,'2021-11-21T00:37:10.279+01'
4939,'5',16.5,'2021-11-21T01:01:24.702+01'
4940,'5',16.4,'2021-11-21T01:35:49.207+01'
4941,'5',16.3,'2021-11-21T02:30:33.248+01'
4942,'5',16.2,'2021-11-21T02:53:19.906+01'
4943,'5',16.2,'2021-11-21T03:18:29.654+01'
4944,'5',16.1,'2021-11-21T03:41:36.952+01'
4945,'5',16.1,'2021-11-21T04:07:12.06+01'
4946,'5',16.0,'2021-11-21T04:32:07.421+01'
4947,'5',15.9,'2021-11-21T04:59:23.187+01'
4948,'5',15.9,'2021-11-21T05:24:35.041+01'
4949,'5',15.8,'2021-11-21T05:50:13.115+01'
4950,'5',15.8,'2021-11-21T06:14:34.713+01'
4951,'5',15.8,'2021-11-21T06:37:34.199+01'
4952,'5',15.7,'2021-11-21T07:00:56.722+01'
4953,'5',15.6,'2021-11-21T07:24:08.525+01'
4954,'5',15.6,'2021-11-21T07:48:24.062+01'
4955,'5',15.5,'2021-11-21T08:14:00.639+01'
4956,'5',15.5,'2021-11-21T08:38:18.341+01'
4957,'5',15.4,'2021-11-21T09:00:54.19+01'
4958,'5',15.4,'2021-11-21T09:24:32.159+01'
4959,'5',15.4,'2021-11-21T09:54:51.112+01'
4960,'5',15.3,'2021-11-21T10:23:50.725+01'
4961,'5',15.6,'2021-11-21T10:50:24.064+01'
4962,'5',16.6,'2021-11-21T11:13:21.736+01'
4963,'5',17.1,'2021-11-21T11:35:35.411+01'
4964,'5',17.9,'2021-11-21T12:07:22.12+01'
4965,'5',18.0,'2021-11-21T12:29:50.768+01'
4966,'5',17.9,'2021-11-21T12:51:28.153+01'
4967,'5',17.8,'2021-11-21T13:13:55.804+01'
4968,'5',17.8,'2021-11-21T13:46:09.959+01'
4969,'5',17.7,'2021-11-21T14:09:12.108+01'
4970,'5',17.6,'2021-11-21T14:35:55.209+01'
4971,'5',17.4,'2021-11-21T15:01:59.272+01'
4972,'5',17.1,'2021-11-21T15:55:42.624+01'
4973,'5',16.9,'2021-11-21T16:25:20.393+01'
4974,'5',16.7,'2021-11-21T16:51:35.325+01'
4975,'5',16.6,'2021-11-21T17:25:25.577+01'
4976,'5',16.4,'2021-11-21T18:03:06.222+01'
4977,'5',16.2,'2021-11-21T18:36:56.268+01'
4978,'5',16.1,'2021-11-21T19:08:33.775+01'
4979,'5',16.0,'2021-11-21T19:33:19.569+01'
4980,'5',15.8,'2021-11-21T20:07:13.828+01'
4981,'5',15.8,'2021-11-21T20:41:19.833+01'
4982,'5',15.6,'2021-11-21T21:10:00.812+01'
4983,'5',15.5,'2021-11-21T21:32:44.607+01'
4984,'5',15.4,'2021-11-21T21:55:30.408+01'
4985,'5',15.2,'2021-11-21T22:42:04.948+01'
4986,'5',15.2,'2021-11-21T23:07:19.341+01'
4987,'5',15.9,'2021-11-21T23:31:50.606+01'
4988,'5',17.0,'2021-11-21T23:56:58.012+01'
4989,'5',17.5,'2021-11-22T00:18:40.688+01'
4990,'5',17.8,'2021-11-22T00:44:03.499+01'
4991,'5',17.7,'2021-11-22T01:06:57.177+01'
4992,'5',17.6,'2021-11-22T01:39:35.954+01'
4993,'5',17.4,'2021-11-22T02:01:20.248+01'
4994,'5',17.4,'2021-11-22T02:27:37.816+01'
4995,'5',17.9,'2021-11-22T03:02:18.431+01'
4996,'5',18.3,'2021-11-22T03:27:43.225+01'
4997,'5',18.8,'2021-11-22T03:55:59.639+01'
4998,'5',19.2,'2021-11-22T04:22:00.769+01'
4999,'5',19.4,'2021-11-22T04:47:06.438+01'
5000,'5',19.8,'2021-11-22T05:11:54.313+01'
5001,'5',20.0,'2021-11-22T05:35:54.465+01'
5002,'5',20.2,'2021-11-22T05:59:02.689+01'
5003,'5',20.3,'2021-11-22T06:24:46.237+01'
5004,'5',20.4,'2021-11-22T06:49:03.124+01'
5005,'5',20.4,'2021-11-22T07:14:07.513+01'
5006,'5',20.4,'2021-11-22T07:40:14.553+01'
5007,'5',20.3,'2021-11-22T08:05:33.262+01'
5008,'5',20.2,'2021-11-22T08:29:33.351+01'
5009,'5',20.3,'2021-11-22T08:52:48.073+01'
5010,'5',20.7,'2021-11-22T09:22:20.341+01'
5011,'5',20.9,'2021-11-22T09:45:19.828+01'
